,Unnamed: 0,ID1-Seg,ID2-Seg,ID1-Pixels,ID2-Pixels,EndPoints,Z1,Z2
0,0,3,460,353800,166486,"[[[2, 217, 76], [0, 247, 91]]]",99,32
8,8,13,460,210143,166486,"[[[8, 182, 397], [9, 174, 348]], [[8, 182, 397], [10, 170, 361]], [[8, 182, 397], [12, 181, 385]], [[8, 182, 397], [13, 180, 386]], [[8, 182, 397], [14, 179, 387]], [[8, 182, 397], [16, 177, 392]], [[8, 182, 397], [17, 176, 399]]]",44,32
13,13,13,19689,210143,960616,"[[[18, 340, 557], [21, 312, 545]], [[18, 340, 557], [22, 327, 531]]]",44,52
25,25,13,1645,210143,77845,"[[[27, 464, 634], [31, 437, 667]], [[27, 464, 634], [35, 461, 658]], [[28, 493, 643], [35, 461, 658]], [[29, 468, 653], [26, 468, 686]], [[29, 468, 653], [31, 437, 667]], [[29, 468, 653], [32, 429, 674]], [[29, 468, 653], [35, 461, 658]], [[30, 483, 665], [26, 468, 686]], [[30, 483, 665], [31, 437, 667]], [[30, 483, 665], [35, 461, 658]]]",44,53
26,26,13,19923,210143,37264,"[[[36, 526, 694], [29, 550, 679]], [[36, 553, 673], [29, 550, 679]], [[36, 553, 673], [32, 583, 702]], [[37, 560, 677], [29, 550, 679]], [[37, 560, 677], [32, 583, 702]]]",44,26
28,28,13,45186,210143,276852,"[[[28, 493, 643], [23, 526, 617]], [[28, 493, 643], [24, 530, 625]], [[28, 493, 643], [25, 536, 625]], [[36, 553, 673], [31, 553, 632]]]",44,86
29,29,13,105188,210143,73722,"[[[29, 894, 742], [29, 876, 754]], [[29, 894, 742], [35, 876, 746]], [[30, 889, 762], [29, 876, 754]], [[30, 889, 762], [33, 908, 794]], [[30, 889, 762], [35, 876, 746]], [[30, 894, 762], [29, 876, 754]], [[30, 894, 762], [33, 908, 794]], [[30, 894, 762], [35, 876, 746]], [[32, 892, 764], [29, 876, 754]], [[32, 892, 764], [33, 908, 794]], [[32, 892, 764], [35, 876, 746]]]",44,22
30,30,13,93523,210143,245307,"[[[29, 894, 742], [32, 918, 714]], [[29, 894, 742], [33, 883, 713]], [[29, 894, 742], [35, 878, 738]], [[30, 889, 762], [35, 878, 738]], [[30, 894, 762], [35, 878, 738]], [[32, 811, 696], [38, 786, 673]], [[32, 892, 764], [35, 878, 738]], [[35, 726, 669], [41, 736, 699]], [[35, 751, 661], [38, 786, 673]], [[36, 722, 673], [41, 736, 699]], [[36, 722, 673], [45, 734, 672]], [[39, 710, 690], [41, 736, 699]], [[39, 710, 690], [42, 735, 711]], [[39, 710, 690], [45, 734, 672]], [[39, 725, 706], [41, 736, 699]], [[39, 725, 706], [42, 735, 711]], [[39, 725, 706], [45, 734, 672]]]",44,36
31,31,13,72830,210143,359843,"[[[35, 726, 669], [29, 730, 660]], [[35, 751, 661], [29, 730, 660]], [[35, 751, 661], [29, 769, 649]], [[36, 722, 673], [29, 730, 660]]]",44,68
39,39,13,85342,210143,140296,"[[[29, 894, 742], [24, 934, 740]], [[32, 811, 696], [31, 820, 688]], [[32, 811, 696], [31, 825, 674]], [[35, 726, 669], [42, 717, 658]], [[35, 751, 661], [42, 717, 658]], [[36, 722, 673], [42, 717, 658]], [[39, 710, 690], [42, 717, 658]]]",44,76
41,41,13,123372,210143,14685,"[[[36, 526, 694], [33, 561, 689]], [[36, 553, 673], [33, 561, 689]], [[37, 560, 677], [33, 561, 689]]]",44,16
53,53,13,1864,210143,275648,"[[[29, 894, 742], [36, 911, 723]], [[29, 894, 742], [36, 921, 722]], [[29, 894, 742], [37, 922, 732]], [[32, 811, 696], [37, 834, 732]], [[32, 892, 764], [36, 911, 723]], [[36, 722, 673], [35, 682, 693]], [[39, 710, 690], [35, 682, 693]], [[39, 725, 706], [35, 682, 693]]]",44,47
58,58,110,196,307657,74003,"[[[1, 36, 187], [0, 69, 171]], [[3, 67, 186], [0, 69, 171]], [[3, 67, 186], [1, 91, 188]], [[3, 67, 186], [5, 112, 204]], [[8, 119, 230], [1, 125, 217]], [[8, 119, 230], [5, 112, 204]], [[8, 119, 230], [6, 149, 216]]]",99,32
59,59,110,6295,307657,340228,"[[[33, 247, 389], [26, 249, 422]], [[33, 247, 389], [28, 265, 418]], [[37, 286, 362], [32, 297, 379]], [[37, 286, 362], [35, 311, 399]], [[38, 290, 391], [32, 294, 412]], [[38, 290, 391], [32, 297, 379]], [[38, 290, 391], [35, 311, 399]], [[39, 334, 396], [35, 311, 399]]]",99,36
60,60,110,177629,307657,475212,"[[[62, 511, 401], [68, 499, 380]], [[62, 511, 401], [68, 501, 404]], [[66, 531, 404], [68, 499, 380]], [[66, 531, 404], [68, 501, 404]], [[67, 522, 393], [68, 499, 380]], [[67, 522, 393], [68, 501, 404]], [[71, 533, 390], [68, 499, 380]], [[71, 533, 390], [68, 501, 404]], [[80, 552, 443], [82, 512, 436]], [[81, 546, 418], [82, 512, 436]], [[82, 545, 449], [82, 512, 436]], [[83, 487, 407], [75, 472, 404]], [[83, 487, 407], [82, 512, 436]], [[84, 540, 453], [82, 512, 436]], [[86, 529, 408], [82, 512, 436]], [[88, 525, 405], [82, 512, 436]], [[89, 525, 416], [82, 512, 436]], [[98, 541, 414], [98, 548, 457]], [[98, 541, 414], [99, 556, 455]], [[98, 546, 418], [98, 548, 457]], [[98, 546, 418], [99, 556, 455]]]",99,52
61,61,110,45186,307657,276852,"[[[66, 531, 404], [70, 534, 435]], [[67, 522, 393], [70, 534, 435]], [[71, 533, 390], [70, 534, 435]], [[75, 537, 394], [70, 534, 435]], [[75, 537, 394], [83, 537, 372]], [[80, 551, 380], [83, 537, 372]], [[81, 546, 418], [83, 537, 372]], [[86, 529, 408], [83, 537, 372]], [[88, 525, 405], [83, 537, 372]], [[88, 525, 405], [88, 512, 361]], [[90, 515, 382], [83, 537, 372]], [[90, 515, 382], [88, 512, 361]], [[90, 515, 382], [89, 539, 354]], [[90, 515, 382], [89, 541, 341]], [[90, 515, 382], [90, 543, 352]], [[93, 512, 394], [88, 512, 361]]]",99,86
65,65,110,227871,307657,296429,"[[[83, 487, 407], [82, 466, 415]]]",99,38
66,66,110,85342,307657,140296,"[[[79, 576, 440], [80, 570, 489]], [[80, 552, 443], [80, 570, 489]], [[80, 585, 442], [80, 570, 489]], [[82, 545, 449], [80, 570, 489]], [[82, 650, 519], [75, 624, 519]], [[83, 603, 460], [80, 570, 489]], [[90, 515, 382], [97, 506, 354]], [[93, 512, 394], [97, 506, 354]]]",99,76
68,68,110,2583,307657,825465,"[[[67, 522, 393], [63, 540, 353]], [[75, 537, 394], [81, 561, 369]], [[80, 551, 380], [78, 589, 350]], [[80, 551, 380], [80, 552, 351]], [[80, 551, 380], [81, 561, 369]], [[85, 575, 423], [90, 586, 404]], [[85, 584, 432], [90, 586, 404]], [[86, 583, 427], [90, 586, 404]], [[86, 606, 453], [93, 624, 438]], [[90, 627, 469], [93, 624, 438]]]",99,99
87,87,196,460,74003,166486,"[[[7, 202, 176], [4, 213, 198]], [[7, 202, 176], [7, 236, 180]], [[10, 227, 201], [4, 213, 198]], [[10, 227, 201], [7, 236, 180]], [[13, 247, 192], [7, 236, 180]], [[15, 249, 171], [7, 236, 180]]]",32,32
90,90,196,19689,74003,960616,"[[[13, 247, 192], [20, 247, 209]], [[15, 249, 171], [20, 247, 209]], [[16, 255, 166], [20, 247, 209]]]",32,52
93,93,196,6295,74003,340228,"[[[26, 363, 170], [34, 366, 149]], [[30, 398, 150], [34, 366, 149]], [[31, 396, 161], [34, 366, 149]]]",32,36
94,94,196,91905,74003,32155,"[[[30, 398, 150], [31, 421, 116]], [[30, 398, 150], [33, 421, 140]], [[31, 396, 161], [33, 421, 140]], [[32, 426, 115], [31, 421, 116]], [[32, 426, 115], [33, 421, 140]]]",32,8
98,98,441,139581,55165,92305,"[[[40, 576, 792], [45, 615, 784]], [[41, 558, 819], [42, 529, 823]]]",41,22
112,112,460,19689,166486,960616,"[[[8, 226, 329], [13, 244, 355]], [[8, 226, 329], [14, 219, 304]], [[8, 226, 329], [14, 244, 339]], [[9, 216, 286], [14, 219, 304]], [[9, 216, 286], [15, 243, 286]], [[9, 222, 281], [14, 219, 304]], [[9, 222, 281], [15, 243, 286]], [[10, 209, 609], [17, 212, 610]], [[11, 190, 337], [14, 219, 304]], [[13, 236, 577], [17, 212, 610]], [[13, 236, 577], [19, 258, 580]], [[13, 236, 577], [20, 238, 604]], [[14, 209, 585], [17, 212, 610]], [[14, 209, 585], [20, 238, 604]], [[18, 228, 566], [17, 212, 610]], [[18, 228, 566], [19, 258, 580]], [[18, 228, 566], [20, 238, 604]], [[19, 228, 552], [19, 258, 580]], [[19, 233, 544], [19, 258, 580]]]",32,52
120,120,460,6295,166486,340228,"[[[19, 187, 516], [24, 193, 540]], [[19, 228, 552], [24, 193, 540]], [[19, 233, 544], [24, 193, 540]], [[20, 230, 531], [24, 193, 540]], [[20, 230, 531], [29, 214, 534]], [[21, 224, 532], [24, 193, 540]], [[21, 224, 532], [29, 214, 534]], [[23, 225, 512], [24, 193, 540]], [[23, 225, 512], [25, 205, 472]], [[23, 225, 512], [26, 229, 480]], [[23, 225, 512], [29, 214, 534]], [[31, 242, 480], [25, 205, 472]], [[31, 242, 480], [26, 229, 480]], [[31, 242, 480], [29, 229, 456]]]",32,36
129,129,460,121968,166486,24039,"[[[31, 242, 480], [33, 233, 488]]]",32,24
136,136,985,6295,178919,340228,"[[[1, 419, 206], [2, 454, 190]], [[1, 423, 217], [2, 454, 190]], [[3, 404, 135], [8, 431, 105]], [[7, 414, 192], [2, 454, 190]], [[7, 414, 192], [9, 447, 161]], [[11, 415, 153], [9, 447, 161]], [[11, 415, 153], [13, 436, 150]], [[11, 415, 153], [17, 430, 120]], [[11, 415, 153], [18, 425, 140]], [[11, 415, 153], [19, 406, 170]], [[13, 418, 173], [9, 447, 161]], [[13, 418, 173], [13, 436, 150]], [[13, 418, 173], [18, 425, 140]], [[13, 418, 173], [19, 406, 170]], [[17, 423, 168], [9, 447, 161]], [[17, 423, 168], [13, 436, 150]], [[17, 423, 168], [17, 430, 120]], [[17, 423, 168], [18, 425, 140]], [[17, 423, 168], [19, 406, 170]], [[17, 429, 172], [9, 447, 161]], [[17, 429, 172], [13, 436, 150]], [[17, 429, 172], [18, 425, 140]], [[17, 429, 172], [19, 406, 170]]]",99,36
137,137,985,213118,178919,93967,"[[[73, 389, 245], [71, 364, 267]]]",99,20
140,140,985,72830,178919,359843,"[[[83, 455, 146], [77, 438, 177]], [[83, 455, 146], [81, 425, 140]], [[83, 456, 138], [81, 425, 140]], [[85, 451, 131], [81, 425, 140]], [[87, 419, 149], [81, 425, 140]], [[87, 419, 149], [88, 372, 147]], [[90, 437, 125], [81, 425, 140]]]",99,68
141,141,985,275045,178919,28304,"[[[73, 389, 245], [78, 366, 210]]]",99,10
160,160,1645,19923,77845,37264,"[[[26, 468, 686], [19, 477, 677]]]",53,26
162,162,1645,177629,77845,475212,"[[[51, 397, 516], [60, 387, 506]]]",53,52
163,163,1645,196128,77845,92249,"[[[51, 397, 516], [53, 409, 517]], [[51, 397, 516], [54, 393, 516]], [[51, 397, 516], [56, 390, 488]], [[51, 405, 528], [53, 409, 517]], [[51, 405, 528], [54, 393, 516]], [[51, 405, 528], [56, 390, 488]]]",53,39
179,179,1864,20889,275648,11882,"[[[13, 544, 335], [15, 519, 368]], [[15, 541, 364], [8, 538, 385]], [[15, 541, 364], [11, 524, 390]], [[15, 541, 364], [15, 519, 368]], [[15, 541, 364], [16, 497, 350]], [[19, 563, 360], [15, 519, 368]]]",47,12
180,180,1864,20691,275648,121944,"[[[15, 541, 364], [15, 535, 385]], [[19, 563, 360], [15, 535, 385]], [[20, 564, 375], [15, 535, 385]]]",47,70
181,181,1864,56405,275648,10198,"[[[15, 541, 364], [16, 544, 389]], [[15, 541, 364], [17, 522, 405]], [[15, 541, 364], [20, 515, 362]], [[19, 563, 360], [16, 544, 389]], [[19, 563, 360], [20, 515, 362]], [[20, 564, 375], [16, 544, 389]]]",47,9
182,182,1864,30851,275648,175545,"[[[15, 541, 364], [21, 554, 401]], [[19, 563, 360], [21, 554, 401]], [[19, 563, 360], [22, 550, 404]], [[19, 563, 360], [24, 560, 398]], [[19, 563, 360], [25, 530, 344]], [[19, 563, 360], [26, 540, 363]], [[19, 563, 360], [26, 541, 365]], [[20, 564, 375], [21, 554, 401]], [[20, 564, 375], [21, 554, 422]], [[20, 564, 375], [22, 550, 404]], [[20, 564, 375], [24, 560, 398]], [[20, 564, 375], [26, 540, 363]], [[20, 564, 375], [26, 541, 365]], [[29, 571, 421], [21, 552, 429]], [[29, 571, 421], [21, 554, 401]], [[29, 571, 421], [21, 554, 422]], [[29, 571, 421], [22, 550, 404]], [[29, 571, 421], [24, 560, 398]], [[29, 571, 421], [30, 564, 385]], [[29, 571, 421], [31, 568, 395]]]",47,31
183,183,1864,76601,275648,323387,"[[[34, 655, 561], [28, 658, 549]], [[35, 597, 479], [31, 620, 492]], [[35, 597, 479], [31, 625, 491]], [[35, 597, 479], [32, 619, 493]], [[35, 597, 479], [32, 637, 469]], [[35, 599, 484], [31, 620, 492]], [[35, 599, 484], [31, 625, 491]], [[35, 599, 484], [32, 619, 493]], [[35, 599, 484], [32, 637, 469]], [[35, 654, 562], [28, 658, 549]], [[35, 682, 693], [27, 656, 679]], [[35, 682, 693], [27, 657, 682]], [[35, 682, 693], [29, 666, 686]], [[35, 682, 693], [30, 690, 710]], [[37, 681, 732], [30, 690, 710]], [[37, 681, 732], [30, 704, 747]], [[37, 703, 756], [30, 704, 747]], [[38, 679, 733], [30, 690, 710]], [[38, 679, 733], [30, 704, 747]], [[38, 718, 764], [30, 704, 747]], [[40, 717, 813], [33, 714, 815]], [[41, 732, 809], [33, 714, 815]]]",47,70
191,191,1864,72830,275648,359843,"[[[34, 655, 561], [27, 666, 584]], [[34, 655, 561], [28, 686, 585]], [[34, 655, 561], [31, 699, 557]], [[34, 655, 561], [33, 688, 538]], [[35, 654, 562], [27, 666, 584]], [[35, 654, 562], [31, 699, 557]], [[35, 654, 562], [33, 688, 538]]]",47,68
197,197,1864,1942,275648,197374,"[[[40, 717, 813], [33, 723, 848]], [[41, 710, 882], [34, 726, 853]], [[41, 710, 882], [35, 704, 880]], [[41, 710, 882], [35, 718, 858]], [[41, 710, 882], [36, 733, 862]]]",47,45
202,202,1864,93523,275648,245307,"[[[36, 911, 723], [32, 918, 714]], [[36, 911, 723], [33, 883, 713]], [[36, 911, 723], [35, 878, 738]], [[36, 921, 722], [32, 918, 714]], [[36, 921, 722], [33, 883, 713]], [[36, 921, 722], [35, 878, 738]], [[37, 834, 732], [35, 878, 738]], [[37, 922, 732], [32, 918, 714]], [[37, 922, 732], [33, 883, 713]], [[37, 922, 732], [35, 878, 738]]]",47,36
207,207,1864,105188,275648,73722,"[[[36, 911, 723], [35, 876, 746]], [[37, 834, 732], [35, 876, 746]], [[37, 922, 732], [35, 876, 746]]]",47,22
210,210,1864,121007,275648,63482,"[[[36, 911, 723], [33, 928, 706]], [[36, 911, 723], [37, 906, 712]], [[36, 921, 722], [33, 928, 706]], [[36, 921, 722], [37, 906, 712]], [[37, 922, 732], [33, 928, 706]], [[37, 922, 732], [37, 906, 712]], [[39, 944, 742], [33, 928, 706]], [[39, 944, 742], [37, 906, 712]]]",47,22
211,211,1864,139581,275648,92305,"[[[36, 911, 723], [41, 924, 750]], [[36, 921, 722], [41, 924, 750]], [[37, 681, 732], [44, 714, 745]], [[37, 703, 756], [44, 714, 745]], [[37, 834, 732], [43, 822, 749]], [[37, 834, 732], [44, 812, 747]], [[37, 922, 732], [39, 926, 775]], [[37, 922, 732], [41, 924, 750]], [[38, 679, 733], [44, 714, 745]], [[38, 718, 764], [44, 714, 745]], [[38, 818, 742], [43, 822, 749]], [[38, 818, 742], [44, 812, 747]], [[39, 820, 751], [43, 822, 749]], [[39, 820, 751], [44, 812, 747]], [[39, 944, 742], [37, 953, 782]], [[39, 944, 742], [39, 926, 775]], [[39, 944, 742], [41, 924, 750]], [[39, 944, 751], [37, 953, 782]], [[39, 944, 751], [39, 926, 775]], [[39, 944, 751], [41, 924, 750]], [[40, 821, 754], [43, 822, 749]], [[40, 821, 754], [44, 812, 747]]]",47,22
212,212,1864,27492,275648,202675,"[[[37, 681, 732], [37, 651, 752]], [[38, 679, 733], [37, 651, 752]]]",47,62
231,231,1942,11088,197374,16622,"[[[5, 544, 384], [3, 508, 376]]]",45,8
232,232,1942,20889,197374,11882,"[[[5, 544, 384], [6, 574, 410]], [[5, 544, 384], [8, 538, 385]], [[5, 544, 384], [9, 545, 406]], [[5, 544, 384], [11, 524, 390]], [[9, 617, 430], [6, 574, 410]]]",45,12
234,234,1942,17842,197374,106090,"[[[16, 680, 669], [16, 658, 647]], [[16, 680, 669], [17, 650, 636]], [[16, 680, 669], [18, 657, 626]], [[16, 680, 669], [18, 660, 670]], [[16, 680, 669], [20, 655, 674]], [[16, 680, 669], [22, 657, 690]], [[16, 680, 669], [23, 657, 696]], [[30, 744, 1005], [28, 708, 1015]], [[33, 729, 978], [28, 708, 1015]], [[33, 729, 978], [29, 694, 966]]]",45,29
239,239,1942,2583,197374,825465,"[[[19, 642, 486], [27, 641, 489]], [[20, 639, 498], [27, 641, 489]], [[20, 650, 462], [27, 641, 489]], [[21, 661, 459], [23, 696, 482]], [[21, 661, 459], [27, 641, 489]], [[22, 620, 493], [27, 641, 489]], [[22, 643, 512], [25, 672, 532]], [[22, 643, 512], [27, 641, 489]], [[23, 628, 499], [27, 641, 489]], [[23, 669, 568], [22, 697, 552]], [[23, 669, 568], [22, 701, 546]], [[23, 669, 568], [25, 672, 532]]]",45,99
247,247,1942,45186,197374,276852,"[[[18, 758, 710], [23, 738, 723]], [[18, 758, 710], [25, 754, 718]], [[18, 758, 710], [26, 751, 687]], [[19, 740, 750], [23, 738, 723]], [[19, 740, 750], [25, 754, 718]], [[19, 741, 730], [23, 738, 723]], [[19, 741, 730], [25, 754, 718]], [[20, 734, 684], [23, 738, 723]], [[20, 734, 684], [25, 754, 718]], [[20, 734, 684], [26, 751, 687]], [[23, 669, 568], [26, 652, 611]], [[24, 734, 791], [28, 774, 809]], [[24, 761, 794], [28, 774, 809]], [[26, 755, 799], [28, 774, 809]], [[27, 729, 803], [28, 774, 809]], [[28, 748, 808], [28, 774, 809]]]",45,86
248,248,1942,72830,197374,359843,"[[[23, 669, 568], [26, 674, 611]], [[23, 669, 568], [27, 666, 584]], [[23, 669, 568], [27, 674, 601]], [[23, 669, 568], [28, 686, 585]], [[23, 669, 568], [28, 688, 601]]]",45,68
250,250,1942,76601,197374,323387,"[[[22, 620, 493], [31, 620, 492]], [[22, 620, 493], [31, 625, 491]], [[22, 643, 512], [28, 658, 549]], [[23, 628, 499], [31, 620, 492]], [[23, 628, 499], [31, 625, 491]], [[23, 628, 499], [32, 619, 493]], [[23, 669, 568], [28, 658, 549]], [[24, 734, 791], [28, 713, 829]], [[27, 714, 810], [28, 713, 829]], [[27, 714, 810], [29, 713, 837]], [[27, 714, 810], [30, 711, 848]], [[27, 714, 810], [33, 714, 815]], [[27, 729, 803], [28, 713, 829]], [[27, 729, 803], [29, 713, 837]], [[27, 729, 803], [33, 714, 815]], [[28, 748, 808], [28, 713, 829]], [[28, 748, 808], [29, 713, 837]], [[28, 748, 808], [33, 714, 815]], [[30, 744, 1005], [23, 719, 1016]], [[30, 744, 1005], [28, 727, 970]], [[33, 723, 848], [28, 713, 829]], [[33, 723, 848], [29, 713, 837]], [[33, 723, 848], [30, 711, 848]], [[33, 723, 848], [33, 714, 815]], [[33, 729, 978], [28, 727, 970]], [[34, 726, 853], [28, 713, 829]], [[34, 726, 853], [29, 713, 837]], [[34, 726, 853], [30, 711, 848]], [[34, 726, 853], [33, 714, 815]], [[35, 704, 880], [30, 711, 848]], [[35, 718, 858], [28, 713, 829]], [[35, 718, 858], [29, 713, 837]], [[35, 718, 858], [30, 711, 848]], [[35, 718, 858], [33, 714, 815]], [[36, 733, 862], [29, 713, 837]], [[36, 733, 862], [30, 711, 848]]]",45,70
251,251,1942,76764,197374,12392,"[[[27, 773, 1018], [22, 745, 1013]], [[27, 773, 1018], [24, 776, 1020]], [[27, 773, 1018], [25, 763, 1002]], [[27, 773, 1018], [25, 772, 1009]], [[30, 744, 1005], [22, 745, 1013]], [[30, 744, 1005], [24, 776, 1020]], [[30, 744, 1005], [25, 763, 1002]], [[30, 744, 1005], [25, 772, 1009]], [[30, 770, 1003], [22, 745, 1013]], [[30, 770, 1003], [24, 776, 1020]], [[30, 770, 1003], [25, 763, 1002]], [[30, 770, 1003], [25, 772, 1009]], [[31, 775, 1004], [24, 776, 1020]], [[31, 775, 1004], [25, 763, 1002]], [[31, 775, 1004], [25, 772, 1009]], [[33, 729, 978], [30, 764, 953]], [[34, 773, 992], [25, 763, 1002]], [[34, 773, 992], [25, 772, 1009]], [[34, 773, 992], [30, 764, 953]], [[35, 770, 986], [30, 764, 953]], [[36, 776, 952], [30, 764, 953]], [[36, 780, 953], [30, 764, 953]], [[37, 761, 948], [30, 764, 953]], [[38, 759, 950], [30, 764, 953]], [[38, 762, 947], [30, 764, 953]], [[39, 783, 963], [30, 764, 953]]]",45,9
252,252,1942,2535,197374,238488,"[[[27, 773, 1018], [30, 779, 984]], [[27, 773, 1018], [30, 780, 988]], [[27, 773, 1018], [31, 779, 978]], [[30, 744, 1005], [30, 779, 984]], [[30, 744, 1005], [30, 780, 988]], [[30, 744, 1005], [31, 779, 978]], [[30, 770, 1003], [30, 779, 984]], [[30, 770, 1003], [30, 780, 988]], [[30, 770, 1003], [31, 779, 978]], [[30, 770, 1003], [35, 812, 997]], [[31, 775, 1004], [30, 779, 984]], [[31, 775, 1004], [30, 780, 988]], [[31, 775, 1004], [31, 779, 978]], [[31, 775, 1004], [35, 812, 997]], [[34, 773, 992], [30, 779, 984]], [[34, 773, 992], [30, 780, 988]], [[34, 773, 992], [31, 779, 978]], [[34, 773, 992], [35, 812, 997]], [[35, 770, 986], [30, 779, 984]], [[35, 770, 986], [30, 780, 988]], [[35, 770, 986], [31, 779, 978]], [[35, 770, 986], [35, 812, 997]], [[36, 776, 952], [30, 779, 984]], [[36, 776, 952], [30, 780, 988]], [[36, 776, 952], [31, 779, 978]], [[36, 776, 952], [36, 811, 955]], [[36, 780, 953], [30, 779, 984]], [[36, 780, 953], [30, 780, 988]], [[36, 780, 953], [31, 779, 978]], [[36, 780, 953], [36, 811, 955]], [[37, 761, 948], [31, 779, 978]], [[38, 759, 950], [31, 779, 978]], [[38, 762, 947], [31, 779, 978]], [[39, 783, 963], [30, 779, 984]], [[39, 783, 963], [31, 779, 978]], [[39, 783, 963], [35, 812, 997]], [[39, 783, 963], [36, 811, 955]]]",45,58
253,253,1942,4510,197374,321923,"[[[5, 544, 384], [5, 501, 405]], [[5, 544, 384], [5, 502, 379]], [[16, 680, 669], [11, 642, 679]], [[16, 680, 669], [12, 644, 685]], [[27, 714, 810], [23, 684, 817]]]",45,27
255,255,1942,108484,197374,24940,"[[[26, 755, 799], [34, 784, 794]], [[28, 748, 808], [34, 784, 794]], [[34, 726, 853], [34, 760, 886]], [[34, 726, 853], [37, 756, 884]], [[35, 718, 858], [37, 756, 884]], [[36, 733, 862], [33, 764, 889]], [[36, 733, 862], [34, 760, 886]], [[36, 733, 862], [37, 756, 884]], [[36, 776, 952], [35, 756, 907]], [[36, 776, 952], [36, 763, 909]], [[36, 780, 953], [36, 763, 909]], [[37, 725, 933], [35, 756, 907]], [[37, 725, 933], [36, 763, 909]], [[37, 761, 948], [35, 756, 907]], [[37, 761, 948], [36, 763, 909]], [[38, 759, 950], [35, 756, 907]], [[38, 759, 950], [36, 763, 909]], [[38, 762, 947], [35, 756, 907]], [[38, 762, 947], [36, 763, 909]]]",45,8
260,260,1942,2245,197374,339936,"[[[27, 773, 1018], [20, 772, 998]], [[27, 773, 1018], [24, 793, 979]], [[30, 770, 1003], [24, 793, 979]], [[31, 775, 1004], [24, 793, 979]]]",45,32
281,281,2245,2535,339936,238488,"[[[0, 848, 973], [0, 845, 987]], [[0, 848, 973], [6, 848, 981]], [[2, 839, 968], [0, 845, 987]], [[2, 839, 968], [6, 848, 981]], [[2, 839, 968], [9, 829, 984]], [[2, 860, 986], [0, 845, 987]], [[2, 860, 986], [0, 877, 1019]], [[2, 860, 986], [1, 872, 1020]], [[2, 860, 986], [6, 848, 981]], [[2, 860, 986], [9, 829, 984]], [[4, 806, 974], [0, 845, 987]], [[4, 806, 974], [6, 848, 981]], [[4, 806, 974], [7, 775, 1009]], [[4, 806, 974], [9, 829, 984]], [[4, 862, 985], [0, 845, 987]], [[4, 862, 985], [0, 877, 1019]], [[4, 862, 985], [1, 872, 1020]], [[4, 862, 985], [6, 848, 981]], [[4, 862, 985], [9, 829, 984]], [[8, 771, 966], [7, 775, 1009]], [[8, 771, 966], [15, 759, 987]], [[11, 779, 986], [7, 775, 1009]], [[11, 779, 986], [15, 759, 987]], [[11, 779, 986], [20, 764, 983]], [[11, 803, 957], [9, 829, 984]], [[11, 803, 957], [15, 839, 977]], [[12, 778, 988], [7, 775, 1009]], [[12, 778, 988], [15, 759, 987]], [[12, 778, 988], [20, 764, 983]], [[12, 780, 969], [7, 775, 1009]], [[12, 780, 969], [15, 759, 987]], [[12, 780, 969], [20, 764, 983]], [[12, 802, 958], [9, 829, 984]], [[12, 802, 958], [15, 839, 977]], [[13, 777, 989], [7, 775, 1009]], [[13, 777, 989], [15, 759, 987]], [[13, 777, 989], [20, 764, 983]], [[13, 779, 970], [7, 775, 1009]], [[13, 779, 970], [15, 759, 987]], [[13, 779, 970], [20, 764, 983]], [[13, 801, 959], [9, 829, 984]], [[13, 801, 959], [15, 839, 977]], [[14, 778, 971], [15, 759, 987]], [[14, 778, 971], [20, 764, 983]], [[15, 777, 972], [15, 759, 987]], [[15, 777, 972], [20, 764, 983]], [[16, 776, 973], [15, 759, 987]], [[16, 776, 973], [20, 764, 983]], [[17, 775, 974], [15, 759, 987]], [[17, 775, 974], [20, 764, 983]], [[18, 774, 975], [15, 759, 987]], [[18, 774, 975], [20, 764, 983]], [[18, 834, 990], [9, 829, 984]], [[18, 834, 990], [15, 839, 977]], [[18, 834, 990], [22, 862, 1014]], [[19, 773, 976], [15, 759, 987]], [[19, 773, 976], [20, 764, 983]], [[20, 772, 998], [15, 759, 987]], [[20, 772, 998], [20, 764, 983]], [[24, 793, 979], [20, 764, 983]], [[24, 793, 979], [30, 779, 984]], [[24, 793, 979], [30, 780, 988]], [[24, 793, 979], [31, 779, 978]], [[25, 829, 982], [22, 862, 1014]], [[25, 829, 982], [28, 852, 981]], [[25, 829, 982], [32, 850, 966]], [[25, 829, 982], [34, 846, 976]], [[26, 831, 958], [28, 852, 981]], [[26, 831, 958], [32, 850, 966]], [[26, 831, 958], [34, 843, 965]], [[26, 831, 958], [34, 846, 976]], [[27, 826, 951], [28, 852, 981]], [[27, 826, 951], [32, 850, 966]], [[27, 826, 951], [34, 843, 965]], [[27, 826, 951], [34, 846, 976]], [[27, 826, 951], [36, 811, 955]], [[27, 826, 951], [36, 834, 953]], [[29, 802, 923], [36, 811, 955]], [[32, 824, 966], [28, 852, 981]], [[32, 824, 966], [30, 779, 984]], [[32, 824, 966], [31, 779, 978]], [[32, 824, 966], [32, 850, 966]], [[32, 824, 966], [34, 843, 965]], [[32, 824, 966], [34, 846, 976]], [[32, 824, 966], [35, 812, 997]], [[32, 824, 966], [36, 811, 955]], [[32, 824, 966], [36, 834, 953]]]",32,58
285,285,2245,76764,339936,12392,"[[[18, 774, 975], [25, 763, 1002]], [[18, 774, 975], [25, 772, 1009]], [[19, 773, 976], [22, 745, 1013]], [[19, 773, 976], [25, 763, 1002]], [[19, 773, 976], [25, 772, 1009]], [[20, 772, 998], [22, 745, 1013]], [[20, 772, 998], [24, 776, 1020]], [[20, 772, 998], [25, 763, 1002]], [[20, 772, 998], [25, 772, 1009]], [[24, 793, 979], [24, 776, 1020]], [[24, 793, 979], [25, 763, 1002]], [[24, 793, 979], [25, 772, 1009]], [[24, 793, 979], [30, 764, 953]], [[29, 802, 923], [30, 764, 953]]]",32,9
288,288,2535,76764,238488,12392,"[[[15, 759, 987], [22, 745, 1013]], [[20, 764, 983], [22, 745, 1013]], [[20, 764, 983], [24, 776, 1020]], [[20, 764, 983], [25, 763, 1002]], [[20, 764, 983], [25, 772, 1009]], [[30, 779, 984], [24, 776, 1020]], [[30, 779, 984], [25, 763, 1002]], [[30, 779, 984], [25, 772, 1009]], [[30, 779, 984], [30, 764, 953]], [[30, 780, 988], [24, 776, 1020]], [[30, 780, 988], [25, 763, 1002]], [[30, 780, 988], [25, 772, 1009]], [[30, 780, 988], [30, 764, 953]], [[31, 779, 978], [25, 763, 1002]], [[31, 779, 978], [25, 772, 1009]], [[31, 779, 978], [30, 764, 953]]]",58,9
300,300,2583,72830,825465,359843,"[[[22, 697, 552], [28, 686, 585]], [[22, 697, 552], [31, 699, 557]], [[22, 701, 546], [31, 699, 557]], [[25, 672, 532], [31, 699, 557]], [[25, 672, 532], [33, 688, 538]], [[45, 634, 446], [42, 651, 490]], [[45, 634, 446], [46, 633, 472]], [[53, 589, 423], [53, 597, 465]], [[53, 589, 423], [54, 594, 471]], [[62, 551, 308], [67, 525, 338]], [[63, 540, 353], [67, 525, 338]], [[66, 448, 229], [74, 454, 219]], [[66, 448, 229], [74, 455, 222]], [[66, 448, 229], [74, 457, 228]], [[66, 448, 229], [74, 470, 237]], [[67, 442, 227], [74, 454, 219]], [[67, 442, 227], [74, 455, 222]], [[67, 442, 227], [74, 457, 228]], [[67, 442, 227], [74, 470, 237]], [[67, 476, 205], [71, 500, 216]], [[67, 476, 205], [74, 454, 219]], [[67, 476, 205], [74, 455, 222]], [[67, 476, 205], [74, 457, 228]], [[67, 476, 205], [74, 470, 237]], [[68, 480, 198], [71, 500, 216]], [[68, 480, 198], [74, 454, 219]], [[68, 480, 198], [74, 455, 222]], [[68, 480, 198], [74, 457, 228]], [[71, 427, 152], [77, 438, 177]], [[75, 416, 134], [77, 438, 177]], [[75, 416, 134], [81, 425, 140]]]",99,68
301,301,2583,76601,825465,323387,"[[[22, 697, 552], [28, 658, 549]], [[25, 672, 532], [28, 658, 549]], [[27, 641, 489], [31, 620, 492]], [[27, 641, 489], [31, 625, 491]], [[27, 641, 489], [32, 619, 493]], [[27, 641, 489], [32, 637, 469]], [[27, 641, 489], [32, 644, 465]], [[60, 499, 283], [60, 538, 253]], [[64, 558, 293], [60, 538, 253]]]",99,70
304,304,2583,196128,825465,92249,"[[[59, 343, 223], [66, 347, 253]], [[59, 343, 223], [68, 348, 233]], [[61, 350, 218], [66, 347, 253]], [[61, 350, 218], [68, 348, 233]], [[63, 356, 209], [66, 347, 253]], [[63, 356, 209], [68, 348, 233]], [[63, 356, 209], [69, 390, 224]], [[63, 379, 230], [66, 347, 253]], [[63, 379, 230], [66, 347, 262]], [[63, 379, 230], [68, 348, 233]], [[63, 379, 230], [69, 390, 224]], [[65, 383, 195], [69, 390, 224]], [[66, 326, 215], [66, 347, 253]], [[66, 326, 215], [68, 348, 233]], [[67, 403, 196], [69, 390, 224]], [[75, 353, 112], [82, 383, 127]], [[75, 353, 112], [84, 355, 91]], [[75, 416, 134], [82, 383, 127]], [[82, 371, 3], [89, 362, 8]], [[84, 341, 5], [89, 362, 8]], [[84, 341, 5], [91, 347, 23]]]",99,39
309,309,2583,236576,825465,181883,"[[[66, 326, 215], [68, 306, 216]], [[72, 330, 149], [74, 323, 178]], [[72, 330, 149], [76, 329, 187]], [[72, 330, 149], [79, 340, 173]], [[73, 352, 124], [82, 334, 117]], [[75, 353, 112], [80, 312, 104]], [[75, 353, 112], [82, 334, 117]], [[75, 353, 112], [83, 344, 84]], [[82, 371, 3], [88, 351, 6]], [[84, 341, 5], [88, 351, 6]]]",99,33
316,316,2583,232428,825465,2760231,"[[[73, 659, 357], [79, 659, 321]], [[74, 646, 333], [76, 656, 289]], [[74, 646, 333], [77, 652, 304]], [[74, 646, 333], [79, 659, 321]], [[75, 641, 333], [76, 656, 289]], [[75, 641, 333], [77, 652, 304]], [[75, 641, 333], [79, 659, 321]], [[76, 630, 300], [76, 656, 289]], [[76, 630, 300], [77, 652, 304]], [[76, 630, 300], [79, 659, 321]], [[82, 614, 332], [79, 659, 321]], [[83, 637, 324], [77, 652, 304]], [[83, 637, 324], [79, 659, 321]]]",99,36
317,317,2583,213118,825465,93967,"[[[68, 382, 145], [75, 413, 150]], [[71, 408, 130], [75, 413, 150]], [[71, 427, 152], [75, 413, 150]], [[75, 416, 134], [75, 413, 150]]]",99,20
318,318,2583,275045,825465,28304,"[[[68, 382, 145], [77, 401, 146]], [[68, 382, 145], [77, 402, 144]], [[71, 408, 130], [77, 401, 146]], [[71, 408, 130], [77, 402, 144]], [[71, 427, 152], [77, 401, 146]], [[71, 427, 152], [77, 402, 144]], [[75, 416, 134], [77, 401, 146]], [[75, 416, 134], [77, 402, 144]]]",99,10
319,319,2583,45186,825465,276852,"[[[80, 552, 351], [83, 537, 372]], [[80, 552, 351], [89, 539, 354]], [[80, 552, 351], [89, 541, 341]], [[81, 561, 369], [83, 537, 372]], [[81, 561, 369], [89, 539, 354]]]",99,86
327,327,2973,85342,58925,140296,"[[[22, 930, 742], [24, 934, 740]]]",25,76
337,337,4510,6295,321923,340228,"[[[2, 451, 83], [8, 431, 105]], [[2, 453, 88], [8, 431, 105]], [[3, 479, 85], [11, 482, 85]], [[3, 490, 114], [10, 460, 129]]]",27,36
362,362,4510,11088,321923,16622,"[[[1, 555, 535], [8, 564, 540]], [[3, 513, 478], [8, 520, 437]], [[3, 513, 478], [8, 536, 489]], [[3, 527, 476], [8, 520, 437]], [[3, 527, 476], [8, 536, 489]], [[3, 598, 540], [8, 564, 540]], [[4, 480, 407], [3, 508, 376]], [[4, 511, 481], [8, 520, 437]], [[4, 511, 481], [8, 536, 489]], [[5, 501, 405], [3, 508, 376]], [[5, 501, 405], [8, 520, 437]], [[5, 502, 379], [3, 508, 376]], [[5, 509, 482], [8, 520, 437]], [[5, 509, 482], [8, 536, 489]], [[5, 539, 473], [8, 520, 437]], [[5, 539, 473], [8, 536, 489]]]",27,8
365,365,4510,17763,321923,8518,"[[[1, 555, 535], [7, 563, 505]], [[3, 598, 540], [5, 634, 549]], [[3, 598, 540], [5, 638, 553]], [[3, 598, 540], [8, 587, 516]], [[5, 539, 473], [7, 563, 505]]]",27,3
366,366,4510,17842,321923,106090,"[[[3, 598, 540], [6, 623, 545]], [[4, 604, 610], [11, 628, 620]], [[4, 604, 610], [12, 612, 622]], [[5, 603, 618], [11, 628, 620]], [[5, 603, 618], [12, 612, 622]], [[5, 613, 623], [11, 628, 620]], [[5, 613, 623], [12, 612, 622]], [[5, 613, 623], [14, 623, 634]], [[5, 663, 623], [11, 628, 620]], [[7, 605, 634], [11, 628, 620]], [[7, 605, 634], [12, 612, 622]], [[7, 605, 634], [14, 623, 634]], [[7, 606, 630], [11, 628, 620]], [[7, 606, 630], [12, 612, 622]], [[7, 606, 630], [14, 623, 634]], [[7, 614, 638], [11, 628, 620]], [[7, 614, 638], [12, 612, 622]], [[7, 614, 638], [14, 623, 634]], [[8, 580, 641], [12, 612, 622]], [[8, 587, 637], [11, 628, 620]], [[8, 587, 637], [12, 612, 622]], [[8, 587, 637], [14, 623, 634]], [[8, 606, 642], [11, 628, 620]], [[8, 606, 642], [12, 612, 622]], [[8, 606, 642], [14, 623, 634]], [[9, 611, 651], [11, 628, 620]], [[9, 611, 651], [12, 612, 622]], [[9, 611, 651], [14, 623, 634]], [[10, 633, 672], [14, 623, 634]], [[10, 633, 672], [16, 658, 647]], [[10, 633, 672], [18, 660, 670]], [[11, 642, 679], [16, 658, 647]], [[11, 642, 679], [18, 660, 670]], [[11, 642, 679], [20, 655, 674]], [[12, 635, 684], [16, 658, 647]], [[12, 635, 684], [18, 660, 670]], [[12, 635, 684], [20, 655, 674]], [[12, 644, 685], [16, 658, 647]], [[12, 644, 685], [18, 660, 670]], [[12, 644, 685], [20, 655, 674]], [[15, 638, 729], [22, 640, 700]], [[19, 693, 1018], [28, 674, 1018]], [[19, 693, 1018], [28, 708, 1015]], [[21, 682, 955], [27, 681, 979]], [[21, 682, 955], [29, 694, 966]]]",27,29
367,367,4510,20691,321923,121944,"[[[1, 555, 535], [6, 526, 547]], [[1, 555, 535], [7, 535, 530]], [[8, 580, 641], [10, 547, 609]], [[8, 580, 641], [10, 558, 601]], [[8, 580, 641], [12, 552, 644]], [[8, 580, 641], [12, 561, 634]], [[8, 580, 641], [13, 565, 631]], [[8, 580, 641], [16, 574, 655]], [[8, 587, 637], [10, 547, 609]], [[8, 587, 637], [10, 558, 601]], [[8, 587, 637], [12, 552, 644]], [[8, 587, 637], [12, 561, 634]], [[8, 587, 637], [13, 565, 631]], [[8, 587, 637], [16, 574, 655]], [[8, 606, 642], [12, 561, 634]], [[8, 606, 642], [13, 565, 631]], [[12, 632, 707], [19, 607, 707]], [[12, 632, 727], [19, 607, 707]], [[15, 638, 729], [19, 607, 707]]]",27,70
384,384,4510,20889,321923,11882,"[[[5, 501, 405], [8, 538, 385]], [[5, 501, 405], [9, 545, 406]], [[5, 501, 405], [11, 524, 390]], [[5, 502, 379], [8, 538, 385]], [[5, 502, 379], [11, 524, 390]]]",27,12
385,385,4510,27492,321923,202675,"[[[1, 555, 535], [9, 557, 530]]]",27,62
391,391,4510,76601,321923,323387,"[[[19, 693, 1018], [23, 699, 999]], [[19, 693, 1018], [23, 719, 1016]], [[21, 682, 955], [23, 699, 999]], [[23, 684, 817], [28, 713, 829]], [[23, 684, 817], [29, 713, 837]]]",27,70
475,475,6295,86181,340228,703661,"[[[24, 90, 708], [33, 105, 704]], [[24, 95, 697], [33, 105, 704]], [[25, 86, 727], [33, 105, 704]], [[25, 96, 712], [33, 105, 704]], [[27, 117, 738], [33, 105, 704]]]",36,75
478,478,6295,19689,340228,960616,"[[[32, 316, 299], [28, 340, 302]]]",36,52
481,481,6295,67751,340228,153145,"[[[32, 316, 299], [39, 324, 324]]]",36,36
485,485,6295,121968,340228,24039,"[[[26, 229, 480], [33, 233, 488]], [[29, 229, 456], [33, 233, 488]]]",36,24
499,499,11088,20889,16622,11882,"[[[3, 508, 376], [8, 538, 385]], [[3, 508, 376], [11, 524, 390]], [[8, 520, 437], [9, 545, 406]], [[8, 520, 437], [11, 524, 390]]]",8,12
507,507,11088,20691,16622,121944,"[[[8, 536, 489], [7, 535, 530]], [[8, 564, 540], [6, 526, 547]], [[8, 564, 540], [7, 535, 530]]]",8,70
513,513,11088,17763,16622,8518,"[[[8, 536, 489], [7, 563, 505]], [[8, 564, 540], [7, 563, 505]], [[8, 564, 540], [8, 587, 516]]]",8,3
516,516,11088,30851,16622,175545,"[[[8, 536, 489], [9, 557, 502]], [[8, 564, 540], [9, 557, 502]]]",8,31
517,517,11088,27492,16622,202675,"[[[8, 536, 489], [9, 557, 530]], [[8, 564, 540], [9, 557, 530]]]",8,62
535,535,17763,17842,8518,106090,"[[[5, 634, 549], [6, 623, 545]], [[5, 638, 553], [6, 623, 545]], [[8, 587, 516], [6, 623, 545]]]",3,29
539,539,17763,27492,8518,202675,"[[[7, 563, 505], [9, 557, 530]], [[8, 587, 516], [9, 557, 530]]]",3,62
541,541,17842,27492,106090,202675,"[[[11, 628, 620], [18, 614, 604]], [[12, 612, 622], [18, 614, 604]], [[14, 623, 634], [18, 614, 604]], [[16, 620, 613], [18, 614, 604]], [[17, 650, 636], [18, 614, 604]], [[18, 657, 626], [18, 614, 604]], [[18, 660, 670], [27, 641, 679]], [[20, 655, 674], [24, 615, 683]], [[20, 655, 674], [27, 641, 679]], [[22, 640, 700], [24, 615, 683]], [[22, 640, 700], [25, 595, 696]], [[22, 640, 700], [26, 610, 693]], [[22, 640, 700], [27, 609, 697]], [[22, 640, 700], [27, 641, 679]], [[22, 657, 690], [24, 615, 683]], [[22, 657, 690], [27, 641, 679]], [[23, 657, 696], [24, 615, 683]], [[23, 657, 696], [26, 610, 693]], [[23, 657, 696], [27, 641, 679]], [[24, 668, 710], [27, 641, 679]], [[31, 662, 850], [37, 658, 852]], [[31, 662, 850], [39, 662, 871]], [[32, 657, 837], [37, 658, 852]], [[32, 657, 837], [39, 662, 871]], [[32, 661, 851], [37, 658, 852]], [[32, 661, 851], [39, 662, 871]], [[32, 661, 851], [40, 659, 878]]]",29,62
547,547,17842,45186,106090,276852,"[[[18, 657, 626], [26, 652, 611]]]",29,86
548,548,17842,20691,106090,121944,"[[[12, 612, 622], [13, 565, 631]], [[12, 612, 622], [16, 572, 609]], [[16, 620, 613], [16, 572, 609]], [[22, 640, 700], [19, 607, 707]], [[31, 662, 850], [31, 635, 808]], [[31, 662, 850], [35, 628, 835]], [[31, 662, 850], [36, 634, 837]], [[32, 657, 837], [31, 635, 808]], [[32, 657, 837], [35, 628, 835]], [[32, 657, 837], [36, 634, 837]], [[32, 657, 837], [39, 632, 860]], [[32, 661, 851], [35, 628, 835]], [[32, 661, 851], [36, 634, 837]], [[32, 661, 851], [39, 632, 860]]]",29,70
549,549,17842,76601,106090,323387,"[[[18, 660, 670], [27, 655, 671]], [[18, 660, 670], [27, 656, 679]], [[18, 660, 670], [27, 657, 682]], [[20, 655, 674], [27, 655, 671]], [[20, 655, 674], [27, 656, 679]], [[20, 655, 674], [27, 657, 682]], [[20, 655, 674], [29, 666, 686]], [[22, 640, 700], [27, 655, 671]], [[22, 640, 700], [27, 656, 679]], [[22, 640, 700], [27, 657, 682]], [[22, 640, 700], [29, 666, 686]], [[22, 657, 690], [27, 655, 671]], [[22, 657, 690], [27, 656, 679]], [[22, 657, 690], [27, 657, 682]], [[22, 657, 690], [29, 666, 686]], [[23, 657, 696], [27, 655, 671]], [[23, 657, 696], [27, 656, 679]], [[23, 657, 696], [27, 657, 682]], [[23, 657, 696], [29, 666, 686]], [[24, 668, 710], [27, 655, 671]], [[24, 668, 710], [27, 656, 679]], [[24, 668, 710], [27, 657, 682]], [[24, 668, 710], [29, 666, 686]], [[24, 668, 710], [30, 690, 710]], [[25, 670, 729], [27, 657, 682]], [[25, 670, 729], [29, 666, 686]], [[25, 670, 729], [30, 690, 710]], [[25, 670, 729], [30, 704, 747]], [[27, 681, 979], [23, 699, 999]], [[27, 681, 979], [28, 727, 970]], [[28, 674, 1018], [23, 699, 999]], [[28, 708, 1015], [23, 699, 999]], [[28, 708, 1015], [23, 719, 1016]], [[28, 708, 1015], [28, 727, 970]], [[29, 694, 966], [23, 699, 999]], [[29, 694, 966], [28, 727, 970]], [[31, 662, 850], [30, 711, 848]]]",29,70
573,573,19689,86181,960616,703661,"[[[15, 251, 668], [24, 239, 676]], [[15, 251, 668], [24, 269, 676]], [[16, 239, 700], [24, 239, 676]], [[18, 264, 706], [24, 239, 676]], [[18, 264, 706], [24, 269, 676]], [[18, 268, 653], [24, 239, 676]], [[18, 268, 653], [24, 269, 676]], [[19, 273, 661], [24, 239, 676]], [[19, 273, 661], [24, 269, 676]], [[20, 278, 642], [24, 269, 676]], [[29, 252, 776], [33, 216, 760]]]",52,75
586,586,19689,67751,960616,153145,"[[[28, 340, 302], [29, 389, 298]]]",52,36
589,589,19689,117688,960616,132786,"[[[46, 42, 89], [52, 78, 83]], [[46, 137, 87], [55, 133, 96]], [[46, 150, 84], [55, 133, 96]], [[48, 35, 82], [52, 78, 83]], [[53, 70, 74], [52, 78, 83]], [[53, 70, 74], [56, 72, 86]]]",52,35
597,597,19923,45186,37264,276852,"[[[29, 550, 679], [31, 553, 632]]]",26,86
600,600,19923,123372,37264,14685,"[[[29, 550, 679], [33, 561, 689]], [[32, 583, 702], [33, 561, 689]]]",26,16
601,601,19923,27492,37264,202675,"[[[29, 550, 679], [22, 583, 686]], [[29, 550, 679], [22, 584, 678]], [[32, 583, 702], [25, 595, 696]], [[32, 583, 702], [26, 610, 693]], [[32, 583, 702], [27, 609, 697]]]",26,62
615,615,20691,27492,121944,202675,"[[[6, 526, 547], [9, 557, 530]], [[7, 535, 530], [9, 557, 530]], [[16, 572, 609], [18, 614, 604]], [[16, 574, 655], [22, 583, 686]], [[16, 574, 655], [22, 584, 678]], [[16, 579, 678], [22, 583, 686]], [[16, 579, 678], [22, 584, 678]], [[19, 607, 707], [22, 583, 686]], [[19, 607, 707], [22, 584, 678]], [[19, 607, 707], [24, 615, 683]], [[19, 607, 707], [25, 595, 696]], [[19, 607, 707], [26, 610, 693]], [[19, 607, 707], [27, 609, 697]], [[28, 631, 789], [32, 628, 756]], [[35, 628, 835], [37, 658, 852]], [[36, 634, 837], [37, 658, 852]], [[36, 634, 837], [39, 662, 871]], [[39, 632, 860], [37, 658, 852]], [[39, 632, 860], [39, 662, 871]], [[39, 632, 860], [40, 659, 878]], [[39, 632, 860], [41, 658, 886]], [[39, 632, 860], [42, 657, 896]], [[42, 635, 880], [37, 658, 852]], [[42, 635, 880], [39, 662, 871]], [[42, 635, 880], [40, 659, 878]], [[42, 635, 880], [41, 658, 886]], [[42, 635, 880], [42, 657, 896]], [[42, 635, 880], [43, 655, 903]], [[42, 635, 880], [44, 653, 907]], [[42, 635, 880], [45, 650, 911]], [[42, 635, 880], [46, 650, 917]], [[42, 635, 880], [47, 638, 922]], [[44, 632, 889], [39, 662, 871]], [[44, 632, 889], [40, 659, 878]], [[44, 632, 889], [41, 658, 886]], [[44, 632, 889], [42, 657, 896]], [[44, 632, 889], [43, 655, 903]], [[44, 632, 889], [44, 653, 907]], [[44, 632, 889], [45, 650, 911]], [[44, 632, 889], [46, 650, 917]], [[44, 632, 889], [47, 638, 922]], [[44, 632, 889], [47, 648, 925]], [[45, 631, 894], [39, 662, 871]], [[45, 631, 894], [40, 659, 878]], [[45, 631, 894], [41, 658, 886]], [[45, 631, 894], [42, 657, 896]], [[45, 631, 894], [43, 655, 903]], [[45, 631, 894], [44, 653, 907]], [[45, 631, 894], [45, 650, 911]], [[45, 631, 894], [46, 650, 917]], [[45, 631, 894], [47, 638, 922]], [[45, 631, 894], [47, 648, 925]], [[45, 631, 894], [49, 644, 934]], [[47, 630, 905], [41, 658, 886]], [[47, 630, 905], [42, 657, 896]], [[47, 630, 905], [43, 655, 903]], [[47, 630, 905], [44, 653, 907]], [[47, 630, 905], [45, 650, 911]], [[47, 630, 905], [46, 650, 917]], [[47, 630, 905], [47, 638, 922]], [[47, 630, 905], [47, 648, 925]], [[47, 630, 905], [48, 656, 937]], [[47, 630, 905], [49, 644, 934]], [[47, 630, 905], [50, 643, 942]], [[47, 630, 905], [51, 642, 949]], [[48, 632, 908], [41, 658, 886]], [[48, 632, 908], [42, 657, 896]], [[48, 632, 908], [43, 655, 903]], [[48, 632, 908], [44, 653, 907]], [[48, 632, 908], [45, 650, 911]], [[48, 632, 908], [46, 650, 917]], [[48, 632, 908], [47, 638, 922]], [[48, 632, 908], [47, 648, 925]], [[48, 632, 908], [48, 656, 937]], [[48, 632, 908], [49, 644, 934]], [[48, 632, 908], [50, 643, 942]], [[48, 632, 908], [51, 642, 949]], [[49, 627, 913], [42, 657, 896]], [[49, 627, 913], [43, 655, 903]], [[49, 627, 913], [44, 653, 907]], [[49, 627, 913], [45, 650, 911]], [[49, 627, 913], [46, 650, 917]], [[49, 627, 913], [47, 638, 922]], [[49, 627, 913], [47, 648, 925]], [[49, 627, 913], [48, 656, 937]], [[49, 627, 913], [49, 644, 934]], [[49, 627, 913], [50, 643, 942]], [[49, 627, 913], [51, 642, 949]], [[49, 627, 913], [52, 639, 957]], [[49, 627, 913], [52, 641, 957]], [[49, 634, 911], [42, 657, 896]], [[49, 634, 911], [43, 655, 903]], [[49, 634, 911], [44, 653, 907]], [[49, 634, 911], [45, 650, 911]], [[49, 634, 911], [46, 650, 917]], [[49, 634, 911], [47, 638, 922]], [[49, 634, 911], [47, 648, 925]], [[49, 634, 911], [48, 656, 937]], [[49, 634, 911], [49, 644, 934]], [[49, 634, 911], [50, 643, 942]], [[49, 634, 911], [51, 642, 949]], [[49, 634, 911], [52, 639, 957]], [[49, 634, 911], [52, 641, 957]], [[50, 623, 908], [43, 655, 903]], [[50, 623, 908], [44, 653, 907]], [[50, 623, 908], [45, 650, 911]], [[50, 623, 908], [46, 650, 917]], [[50, 623, 908], [47, 638, 922]], [[50, 623, 908], [47, 648, 925]], [[50, 623, 908], [48, 656, 937]], [[50, 623, 908], [49, 644, 934]], [[50, 623, 908], [50, 643, 942]], [[50, 623, 908], [51, 642, 949]], [[50, 626, 914], [43, 655, 903]], [[50, 626, 914], [44, 653, 907]], [[50, 626, 914], [45, 650, 911]], [[50, 626, 914], [46, 650, 917]], [[50, 626, 914], [47, 638, 922]], [[50, 626, 914], [47, 648, 925]], [[50, 626, 914], [48, 656, 937]], [[50, 626, 914], [49, 644, 934]], [[50, 626, 914], [50, 643, 942]], [[50, 626, 914], [51, 642, 949]], [[50, 626, 914], [52, 639, 957]], [[50, 626, 914], [52, 641, 957]], [[50, 628, 916], [43, 655, 903]], [[50, 628, 916], [44, 653, 907]], [[50, 628, 916], [45, 650, 911]], [[50, 628, 916], [46, 650, 917]], [[50, 628, 916], [47, 638, 922]], [[50, 628, 916], [47, 648, 925]], [[50, 628, 916], [48, 656, 937]], [[50, 628, 916], [49, 644, 934]], [[50, 628, 916], [50, 643, 942]], [[50, 628, 916], [51, 642, 949]], [[50, 628, 916], [52, 639, 957]], [[50, 628, 916], [52, 641, 957]], [[50, 630, 917], [43, 655, 903]], [[50, 630, 917], [44, 653, 907]], [[50, 630, 917], [45, 650, 911]], [[50, 630, 917], [46, 650, 917]], [[50, 630, 917], [47, 638, 922]], [[50, 630, 917], [47, 648, 925]], [[50, 630, 917], [48, 656, 937]], [[50, 630, 917], [49, 644, 934]], [[50, 630, 917], [50, 643, 942]], [[50, 630, 917], [51, 642, 949]], [[50, 630, 917], [52, 639, 957]], [[50, 630, 917], [52, 641, 957]], [[53, 623, 916], [45, 650, 911]], [[53, 623, 916], [46, 650, 917]], [[53, 623, 916], [47, 638, 922]], [[53, 623, 916], [47, 648, 925]], [[53, 623, 916], [48, 656, 937]], [[53, 623, 916], [49, 644, 934]], [[53, 623, 916], [50, 643, 942]], [[53, 623, 916], [51, 642, 949]], [[53, 623, 916], [52, 639, 957]], [[53, 623, 916], [52, 641, 957]], [[54, 627, 921], [46, 650, 917]], [[54, 627, 921], [47, 638, 922]], [[54, 627, 921], [47, 648, 925]], [[54, 627, 921], [48, 656, 937]], [[54, 627, 921], [49, 644, 934]], [[54, 627, 921], [50, 643, 942]], [[54, 627, 921], [51, 642, 949]], [[54, 627, 921], [52, 639, 957]], [[54, 627, 921], [52, 641, 957]], [[54, 627, 921], [54, 635, 970]], [[60, 629, 943], [51, 642, 949]], [[60, 629, 943], [52, 639, 957]], [[60, 629, 943], [52, 641, 957]], [[60, 629, 943], [54, 635, 970]], [[60, 629, 943], [55, 631, 980]], [[60, 633, 943], [51, 642, 949]], [[60, 633, 943], [52, 639, 957]], [[60, 633, 943], [52, 641, 957]], [[60, 633, 943], [54, 635, 970]], [[60, 633, 943], [55, 631, 980]], [[64, 631, 967], [55, 631, 980]], [[64, 634, 969], [55, 631, 980]], [[66, 632, 982], [62, 655, 1021]], [[68, 632, 998], [62, 655, 1021]], [[71, 649, 1020], [62, 655, 1021]]]",70,62
622,622,20691,30851,121944,175545,"[[[7, 535, 530], [9, 557, 502]], [[15, 535, 385], [21, 554, 401]], [[15, 535, 385], [22, 550, 404]]]",70,31
623,623,20691,20889,121944,11882,"[[[15, 535, 385], [8, 538, 385]], [[15, 535, 385], [9, 545, 406]], [[15, 535, 385], [11, 524, 390]], [[15, 535, 385], [15, 519, 368]]]",70,12
624,624,20691,56405,121944,10198,"[[[15, 535, 385], [16, 544, 389]], [[15, 535, 385], [17, 522, 405]], [[15, 535, 385], [20, 515, 362]]]",70,9
632,632,20691,167709,121944,704728,"[[[64, 611, 956], [72, 622, 951]], [[64, 631, 967], [72, 622, 951]], [[64, 634, 969], [72, 622, 951]], [[65, 632, 979], [72, 622, 951]], [[66, 632, 982], [72, 622, 951]], [[66, 632, 982], [75, 645, 969]], [[68, 632, 998], [75, 645, 969]], [[70, 628, 1007], [75, 645, 969]], [[71, 649, 1020], [76, 673, 1012]], [[72, 622, 1009], [75, 645, 969]]]",70,55
650,650,20889,56405,11882,10198,"[[[8, 538, 385], [16, 544, 389]], [[9, 545, 406], [16, 544, 389]], [[9, 545, 406], [17, 522, 405]], [[11, 524, 390], [16, 544, 389]], [[11, 524, 390], [17, 522, 405]], [[15, 519, 368], [16, 544, 389]], [[15, 519, 368], [17, 522, 405]], [[15, 519, 368], [20, 515, 362]], [[16, 497, 350], [20, 515, 362]]]",12,9
651,651,20889,67751,11882,153145,"[[[15, 519, 368], [20, 506, 352]], [[16, 497, 350], [20, 506, 352]]]",12,36
680,680,27492,76601,202675,323387,"[[[24, 615, 683], [27, 655, 671]], [[24, 615, 683], [27, 656, 679]], [[24, 615, 683], [27, 657, 682]], [[26, 610, 693], [27, 656, 679]], [[26, 610, 693], [27, 657, 682]], [[27, 641, 679], [27, 655, 671]], [[27, 641, 679], [27, 656, 679]], [[27, 641, 679], [27, 657, 682]], [[27, 641, 679], [29, 655, 640]], [[27, 641, 679], [29, 656, 644]], [[27, 641, 679], [29, 658, 651]], [[27, 641, 679], [29, 666, 686]]]",62,70
684,684,27492,123372,202675,14685,"[[[37, 651, 752], [42, 620, 727]]]",62,16
696,696,30851,56405,175545,10198,"[[[19, 558, 434], [16, 544, 389]], [[19, 558, 434], [17, 522, 405]], [[21, 552, 429], [16, 544, 389]], [[21, 552, 429], [17, 522, 405]], [[21, 554, 401], [16, 544, 389]], [[21, 554, 401], [17, 522, 405]], [[21, 554, 422], [16, 544, 389]], [[21, 554, 422], [17, 522, 405]], [[22, 550, 404], [16, 544, 389]], [[22, 550, 404], [17, 522, 405]], [[24, 560, 398], [16, 544, 389]], [[25, 509, 348], [20, 515, 362]], [[25, 530, 344], [20, 515, 362]], [[25, 530, 344], [24, 549, 309]], [[26, 540, 363], [20, 515, 362]], [[26, 541, 365], [20, 515, 362]], [[27, 519, 360], [20, 515, 362]], [[28, 495, 352], [20, 515, 362]]]",31,9
697,697,30851,67751,175545,153145,"[[[25, 509, 348], [20, 506, 352]], [[25, 530, 344], [20, 506, 352]], [[26, 540, 363], [20, 506, 352]], [[26, 541, 365], [20, 506, 352]], [[27, 519, 360], [20, 506, 352]], [[28, 460, 334], [26, 428, 344]], [[28, 460, 334], [27, 440, 359]], [[28, 460, 334], [29, 437, 359]], [[28, 480, 333], [27, 440, 359]], [[28, 480, 346], [20, 506, 352]], [[28, 480, 346], [27, 440, 359]], [[28, 480, 346], [29, 437, 359]], [[28, 484, 348], [20, 506, 352]], [[28, 484, 348], [27, 440, 359]], [[28, 484, 348], [29, 437, 359]], [[28, 495, 352], [20, 506, 352]], [[29, 444, 326], [26, 428, 344]], [[29, 444, 326], [27, 440, 359]], [[29, 444, 326], [29, 437, 359]], [[29, 444, 326], [37, 429, 345]], [[29, 447, 333], [26, 428, 344]], [[29, 447, 333], [27, 440, 359]], [[29, 447, 333], [29, 437, 359]], [[29, 447, 333], [37, 429, 345]], [[29, 450, 333], [26, 428, 344]], [[29, 450, 333], [27, 440, 359]], [[29, 450, 333], [29, 437, 359]], [[29, 450, 333], [37, 429, 345]], [[29, 479, 349], [27, 440, 359]], [[29, 479, 349], [29, 437, 359]], [[29, 482, 350], [27, 440, 359]], [[29, 482, 350], [29, 437, 359]], [[30, 446, 334], [26, 428, 344]], [[30, 446, 334], [27, 440, 359]], [[30, 446, 334], [29, 437, 359]], [[30, 446, 334], [37, 429, 345]], [[30, 448, 335], [26, 428, 344]], [[30, 448, 335], [27, 440, 359]], [[30, 448, 335], [29, 437, 359]], [[30, 448, 335], [37, 429, 345]], [[30, 460, 343], [26, 428, 344]], [[30, 460, 343], [27, 440, 359]], [[30, 460, 343], [29, 437, 359]], [[30, 460, 343], [37, 429, 345]], [[30, 478, 351], [27, 440, 359]], [[30, 478, 351], [29, 437, 359]], [[30, 481, 352], [27, 440, 359]], [[30, 481, 352], [29, 437, 359]], [[31, 459, 344], [26, 428, 344]], [[31, 459, 344], [27, 440, 359]], [[31, 459, 344], [29, 437, 359]], [[31, 459, 344], [37, 429, 345]], [[31, 477, 352], [27, 440, 359]], [[31, 477, 352], [29, 437, 359]], [[31, 480, 353], [27, 440, 359]], [[31, 480, 353], [29, 437, 359]], [[32, 419, 314], [26, 428, 344]], [[32, 419, 314], [29, 389, 298]], [[32, 419, 314], [29, 394, 301]], [[32, 419, 314], [37, 429, 345]], [[32, 445, 336], [26, 428, 344]], [[32, 445, 336], [27, 440, 359]], [[32, 445, 336], [29, 437, 359]], [[32, 445, 336], [37, 429, 345]], [[32, 447, 337], [26, 428, 344]], [[32, 447, 337], [27, 440, 359]], [[32, 447, 337], [29, 437, 359]], [[32, 447, 337], [37, 429, 345]], [[32, 479, 354], [27, 440, 359]], [[32, 479, 354], [29, 437, 359]], [[33, 457, 351], [26, 428, 344]], [[33, 457, 351], [27, 440, 359]], [[33, 457, 351], [29, 437, 359]], [[33, 457, 351], [37, 429, 345]], [[34, 476, 356], [29, 437, 359]], [[34, 478, 356], [29, 437, 359]], [[36, 453, 361], [27, 440, 359]], [[36, 453, 361], [29, 437, 359]], [[36, 453, 361], [37, 429, 345]]]",31,36
698,698,30851,76172,175545,55112,"[[[25, 509, 348], [26, 531, 325]], [[25, 530, 344], [26, 531, 325]], [[26, 540, 363], [26, 531, 325]], [[26, 541, 365], [26, 531, 325]], [[27, 519, 360], [26, 531, 325]], [[28, 495, 352], [26, 531, 325]]]",31,11
736,736,45186,72830,276852,359843,"[[[26, 652, 611], [26, 674, 611]], [[26, 652, 611], [27, 666, 584]], [[26, 652, 611], [27, 674, 601]], [[26, 652, 611], [27, 696, 609]], [[26, 652, 611], [28, 686, 585]], [[26, 652, 611], [28, 688, 601]], [[26, 751, 687], [29, 730, 660]], [[26, 751, 687], [29, 769, 649]], [[54, 535, 490], [58, 579, 479]], [[58, 558, 479], [53, 597, 465]], [[58, 558, 479], [54, 594, 471]], [[58, 558, 479], [58, 579, 479]], [[60, 563, 507], [58, 579, 479]], [[61, 555, 463], [58, 579, 479]]]",86,68
737,737,45186,76601,276852,323387,"[[[26, 652, 611], [29, 655, 640]], [[26, 652, 611], [29, 656, 644]], [[26, 652, 611], [29, 658, 651]]]",86,70
745,745,45186,108484,276852,24940,"[[[23, 738, 723], [29, 770, 738]], [[25, 754, 718], [29, 770, 738]], [[28, 764, 720], [29, 770, 738]], [[28, 774, 809], [34, 784, 794]]]",86,8
746,746,45186,227871,276852,296429,"[[[58, 558, 479], [66, 548, 472]], [[60, 563, 507], [66, 548, 472]], [[61, 555, 463], [66, 548, 472]], [[61, 555, 463], [70, 537, 453]], [[63, 537, 453], [66, 548, 472]], [[63, 537, 453], [70, 537, 453]], [[70, 534, 435], [66, 548, 472]], [[70, 534, 435], [70, 537, 453]]]",86,38
747,747,45186,177629,276852,475212,"[[[50, 521, 500], [50, 482, 505]], [[63, 537, 453], [67, 509, 472]], [[70, 534, 435], [67, 509, 472]], [[70, 534, 435], [68, 501, 404]]]",86,52
748,748,45186,85342,276852,140296,"[[[88, 512, 361], [97, 506, 354]]]",86,76
751,751,45186,258236,276852,127819,"[[[99, 304, 371], [95, 265, 372]], [[99, 304, 371], [96, 302, 362]]]",86,27
767,767,56405,67751,10198,153145,"[[[20, 515, 362], [20, 506, 352]]]",9,36
768,768,56405,76172,10198,55112,"[[[24, 549, 309], [25, 575, 279]], [[24, 549, 309], [26, 531, 325]], [[24, 549, 309], [26, 571, 266]], [[24, 549, 309], [27, 533, 283]], [[24, 549, 309], [27, 569, 266]], [[24, 549, 309], [28, 539, 268]]]",9,11
833,833,72830,76601,359843,323387,"[[[26, 674, 611], [29, 655, 640]], [[26, 674, 611], [29, 656, 644]], [[26, 674, 611], [29, 658, 651]], [[27, 666, 584], [28, 658, 549]], [[27, 674, 601], [29, 655, 640]], [[27, 674, 601], [29, 656, 644]], [[28, 686, 585], [28, 658, 549]], [[31, 699, 557], [28, 658, 549]], [[33, 688, 538], [28, 658, 549]], [[37, 653, 508], [31, 620, 492]], [[37, 653, 508], [31, 625, 491]], [[37, 653, 508], [32, 619, 493]], [[37, 653, 508], [32, 637, 469]]]",68,70
860,860,72830,213118,359843,93967,"[[[77, 438, 177], [75, 413, 150]], [[81, 425, 140], [75, 413, 150]]]",68,20
861,861,72830,275045,359843,28304,"[[[77, 438, 177], [77, 401, 146]], [[77, 438, 177], [77, 402, 144]], [[81, 425, 140], [77, 401, 146]], [[81, 425, 140], [77, 402, 144]]]",68,10
862,862,72830,196128,359843,92249,"[[[81, 425, 140], [82, 383, 127]], [[87, 368, 131], [82, 383, 127]], [[87, 368, 131], [84, 355, 91]], [[87, 370, 126], [82, 383, 127]], [[87, 370, 126], [84, 355, 91]], [[88, 372, 147], [82, 383, 127]], [[88, 374, 115], [82, 383, 127]], [[88, 374, 115], [84, 355, 91]]]",68,39
864,864,72830,317104,359843,45080,"[[[87, 368, 131], [88, 387, 122]], [[87, 368, 131], [91, 338, 107]], [[87, 368, 131], [93, 333, 124]], [[87, 370, 126], [88, 387, 122]], [[87, 370, 126], [91, 338, 107]], [[87, 370, 126], [93, 333, 124]], [[88, 372, 147], [88, 387, 122]], [[88, 374, 115], [88, 387, 122]], [[88, 374, 115], [91, 338, 107]], [[88, 374, 115], [93, 333, 124]]]",68,11
876,876,76172,91905,55112,32155,"[[[23, 575, 162], [28, 556, 158]], [[23, 575, 162], [28, 575, 168]], [[23, 584, 174], [28, 556, 158]], [[23, 584, 174], [28, 575, 168]], [[24, 582, 179], [28, 556, 158]], [[24, 582, 179], [28, 575, 168]]]",11,8
940,940,76601,76764,323387,12392,"[[[23, 699, 999], [22, 745, 1013]], [[23, 719, 1016], [22, 745, 1013]], [[23, 719, 1016], [25, 763, 1002]], [[28, 727, 970], [30, 764, 953]]]",70,9
965,965,76601,232428,323387,2760231,"[[[71, 596, 164], [74, 629, 193]], [[71, 596, 164], [75, 621, 201]], [[71, 596, 164], [77, 621, 149]], [[72, 590, 179], [74, 629, 193]], [[72, 590, 179], [75, 621, 201]], [[72, 590, 179], [77, 621, 149]], [[73, 575, 81], [80, 592, 100]], [[84, 568, 58], [78, 593, 35]], [[84, 573, 69], [78, 593, 35]], [[84, 573, 69], [80, 592, 100]], [[86, 580, 88], [79, 601, 112]], [[86, 580, 88], [80, 592, 100]], [[87, 579, 47], [78, 593, 35]], [[87, 579, 47], [80, 614, 43]]]",70,36
1010,1010,85342,93523,140296,245307,"[[[28, 923, 690], [32, 918, 714]], [[29, 918, 686], [32, 918, 714]], [[29, 918, 686], [33, 883, 713]], [[42, 717, 658], [41, 736, 699]], [[42, 717, 658], [45, 734, 672]], [[48, 720, 670], [41, 736, 699]], [[48, 720, 670], [45, 734, 672]]]",76,36
1017,1017,85342,121007,140296,63482,"[[[28, 923, 690], [33, 928, 706]], [[29, 918, 686], [32, 904, 647]], [[29, 918, 686], [33, 928, 706]], [[29, 918, 686], [37, 906, 712]]]",76,22
1029,1029,85342,227871,140296,296429,"[[[66, 657, 595], [71, 667, 625]], [[71, 635, 538], [68, 612, 562]]]",76,38
1041,1041,86181,93523,703661,245307,"[[[50, 444, 731], [51, 424, 710]], [[50, 444, 731], [58, 453, 747]], [[54, 430, 752], [51, 424, 710]], [[54, 430, 752], [58, 453, 747]], [[54, 469, 743], [58, 453, 747]], [[55, 406, 748], [51, 424, 710]], [[55, 406, 748], [58, 453, 747]], [[57, 405, 754], [58, 453, 747]], [[57, 513, 804], [57, 547, 770]], [[58, 520, 806], [57, 547, 770]], [[61, 542, 791], [57, 547, 770]], [[61, 547, 806], [57, 547, 770]], [[62, 561, 805], [57, 547, 770]]]",75,36
1053,1053,86181,189596,703661,211715,"[[[81, 717, 907], [76, 729, 869]], [[83, 727, 892], [76, 729, 869]], [[84, 732, 888], [76, 729, 869]], [[84, 732, 888], [80, 763, 856]], [[84, 739, 895], [76, 729, 869]], [[84, 739, 895], [80, 763, 856]], [[84, 820, 914], [79, 786, 901]], [[85, 797, 935], [79, 786, 901]], [[86, 752, 890], [80, 763, 856]], [[86, 752, 890], [81, 770, 856]], [[86, 757, 892], [79, 786, 901]], [[86, 757, 892], [80, 763, 856]], [[86, 757, 892], [81, 770, 856]], [[87, 755, 880], [80, 763, 856]], [[87, 755, 880], [81, 770, 856]], [[89, 968, 877], [87, 967, 870]], [[89, 968, 877], [89, 1006, 847]], [[89, 968, 877], [91, 973, 839]], [[89, 968, 877], [93, 960, 861]], [[89, 1013, 875], [87, 967, 870]], [[89, 1013, 875], [89, 1006, 847]], [[89, 1013, 875], [97, 999, 881]], [[91, 1007, 917], [97, 999, 881]], [[93, 1015, 908], [97, 999, 881]], [[93, 1015, 908], [99, 1019, 877]], [[94, 1017, 883], [89, 1006, 847]], [[94, 1017, 883], [97, 999, 881]], [[94, 1017, 883], [99, 1019, 877]]]",75,49
1054,1054,86181,167709,703661,704728,"[[[81, 717, 907], [73, 733, 930]], [[82, 736, 914], [73, 733, 930]], [[89, 968, 877], [89, 973, 829]]]",75,55
1055,1055,86181,266057,703661,280600,"[[[81, 717, 907], [83, 692, 946]], [[81, 717, 907], [83, 693, 946]], [[83, 666, 906], [81, 656, 942]], [[83, 666, 906], [83, 674, 939]], [[83, 666, 906], [83, 692, 946]], [[83, 666, 906], [83, 693, 946]]]",75,26
1056,1056,86181,232428,703661,2760231,"[[[89, 1013, 875], [89, 1022, 837]]]",75,36
1095,1095,91905,111751,32155,196492,"[[[28, 556, 158], [31, 556, 170]], [[28, 575, 168], [31, 556, 170]]]",8,64
1098,1098,93523,105188,245307,73722,"[[[33, 883, 713], [29, 876, 754]], [[33, 883, 713], [35, 876, 746]], [[35, 878, 738], [29, 876, 754]], [[35, 878, 738], [35, 876, 746]], [[40, 993, 804], [36, 968, 833]], [[40, 993, 804], [39, 986, 831]], [[40, 993, 804], [43, 1002, 837]], [[40, 993, 804], [44, 1007, 842]]]",36,22
1102,1102,93523,121007,245307,63482,"[[[32, 918, 714], [33, 928, 706]], [[32, 918, 714], [37, 906, 712]], [[33, 883, 713], [33, 928, 706]], [[33, 883, 713], [37, 906, 712]], [[35, 878, 738], [37, 906, 712]]]",36,22
1124,1124,93523,139581,245307,92305,"[[[40, 993, 804], [37, 953, 782]], [[40, 993, 804], [44, 989, 814]], [[41, 736, 699], [45, 743, 737]], [[42, 735, 711], [44, 714, 745]], [[42, 735, 711], [45, 743, 737]]]",36,22
1128,1128,93523,155272,245307,5616,"[[[36, 1017, 784], [42, 1020, 762]], [[36, 1017, 784], [43, 1017, 776]], [[36, 1017, 784], [43, 1019, 751]], [[38, 1016, 772], [42, 1020, 762]], [[38, 1016, 772], [43, 1017, 776]], [[38, 1016, 772], [43, 1019, 751]], [[40, 993, 804], [43, 1017, 776]]]",36,3
1132,1132,93523,110063,245307,1109725,"[[[53, 185, 779], [50, 147, 799]], [[56, 141, 770], [49, 137, 783]], [[56, 141, 770], [50, 104, 756]], [[56, 141, 770], [50, 147, 799]], [[56, 168, 806], [49, 141, 821]], [[56, 168, 806], [49, 155, 829]], [[56, 168, 806], [50, 147, 799]]]",36,44
1140,1140,93523,208572,245307,24710,"[[[56, 141, 770], [58, 151, 812]], [[56, 168, 806], [58, 151, 812]]]",36,9
1264,1264,105188,139581,73722,92305,"[[[33, 908, 794], [39, 926, 775]], [[36, 968, 833], [44, 989, 814]], [[39, 917, 819], [39, 926, 775]], [[39, 986, 831], [44, 989, 814]], [[43, 1002, 837], [44, 989, 814]], [[44, 1007, 842], [44, 989, 814]], [[46, 1016, 846], [44, 989, 814]]]",22,22
1266,1266,105188,121007,73722,63482,"[[[35, 876, 746], [37, 906, 712]], [[37, 990, 873], [45, 990, 896]], [[37, 990, 873], [45, 1019, 879]], [[43, 1002, 837], [45, 1019, 879]], [[44, 1007, 842], [45, 1019, 879]], [[44, 1007, 842], [46, 1018, 884]], [[46, 1016, 846], [45, 1019, 879]], [[46, 1016, 846], [46, 1018, 884]], [[49, 1022, 885], [45, 990, 896]], [[49, 1022, 885], [45, 1019, 879]], [[49, 1022, 885], [46, 1018, 884]], [[49, 1022, 885], [47, 988, 897]], [[49, 1022, 885], [48, 987, 898]], [[49, 1022, 885], [49, 986, 899]]]",22,22
1324,1324,110063,117688,1109725,132786,"[[[61, 63, 495], [58, 88, 467]], [[61, 63, 495], [63, 76, 493]], [[61, 71, 563], [67, 73, 543]], [[62, 34, 432], [56, 69, 442]], [[62, 62, 495], [58, 88, 467]], [[62, 62, 495], [63, 76, 493]], [[63, 61, 496], [58, 88, 467]], [[63, 61, 496], [63, 76, 493]], [[64, 60, 497], [63, 76, 493]], [[65, 59, 498], [63, 76, 493]], [[65, 59, 498], [67, 73, 543]], [[65, 60, 445], [56, 69, 442]], [[65, 60, 445], [58, 88, 467]], [[66, 55, 495], [63, 76, 493]], [[68, 64, 512], [63, 76, 493]], [[68, 64, 512], [67, 73, 543]]]",44,35
1325,1325,110063,208572,1109725,24710,"[[[49, 141, 821], [58, 151, 812]], [[49, 155, 829], [58, 151, 812]], [[50, 147, 799], [58, 151, 812]]]",44,9
1334,1334,110063,251097,1109725,13093,"[[[64, 60, 497], [69, 81, 531]], [[65, 59, 498], [69, 81, 531]], [[66, 55, 495], [69, 81, 531]], [[68, 64, 512], [69, 81, 531]]]",44,11
1437,1437,121007,139581,63482,92305,"[[[37, 906, 712], [41, 924, 750]]]",22,22
1448,1448,121968,216382,24039,20993,"[[[57, 275, 362], [58, 281, 391]], [[57, 275, 362], [62, 264, 351]], [[57, 275, 362], [63, 263, 352]], [[57, 275, 362], [63, 278, 350]], [[57, 275, 362], [64, 279, 344]]]",24,12
1450,1450,123372,139581,14685,92305,"[[[49, 626, 781], [45, 615, 784]]]",16,22
1453,1453,123372,189596,14685,211715,"[[[49, 626, 781], [50, 624, 768]]]",16,49
1535,1535,139581,155272,92305,5616,"[[[37, 953, 782], [41, 954, 753]], [[39, 926, 775], [41, 954, 753]], [[41, 924, 750], [41, 954, 753]], [[44, 989, 814], [43, 1017, 776]]]",22,3
1541,1541,139581,167709,92305,704728,"[[[44, 989, 814], [46, 977, 771]], [[44, 989, 814], [46, 981, 770]], [[58, 989, 801], [60, 961, 824]]]",22,55
1587,1587,155272,167709,5616,704728,"[[[41, 954, 753], [46, 977, 771]], [[41, 954, 753], [46, 981, 770]], [[42, 1020, 762], [46, 977, 771]], [[42, 1020, 762], [46, 981, 770]], [[42, 1020, 762], [46, 1016, 757]], [[43, 1017, 776], [46, 977, 771]], [[43, 1017, 776], [46, 981, 770]], [[43, 1017, 776], [46, 1016, 757]], [[43, 1019, 751], [46, 977, 771]], [[43, 1019, 751], [46, 981, 770]], [[43, 1019, 751], [46, 1016, 757]]]",3,55
1614,1614,167709,232428,704728,2760231,"[[[65, 911, 833], [72, 944, 839]], [[68, 901, 849], [72, 944, 839]], [[77, 904, 789], [74, 938, 774]], [[77, 904, 789], [74, 945, 786]], [[77, 904, 789], [75, 930, 777]], [[77, 909, 809], [74, 938, 774]], [[77, 909, 809], [74, 945, 786]], [[77, 909, 809], [75, 930, 777]], [[80, 917, 797], [74, 938, 774]], [[80, 917, 797], [74, 945, 786]], [[80, 917, 797], [75, 930, 777]], [[89, 973, 829], [89, 1022, 837]], [[90, 1007, 823], [89, 1022, 837]]]",55,36
1615,1615,167709,227871,704728,296429,"[[[70, 834, 883], [63, 811, 876]], [[71, 733, 909], [68, 740, 866]], [[71, 761, 883], [63, 782, 882]], [[71, 761, 883], [64, 771, 867]], [[71, 761, 883], [66, 751, 864]], [[71, 761, 883], [66, 780, 856]], [[71, 761, 883], [68, 740, 866]], [[71, 770, 854], [64, 771, 867]], [[71, 770, 854], [64, 793, 864]], [[71, 770, 854], [66, 751, 864]], [[71, 770, 854], [66, 780, 856]], [[71, 770, 854], [68, 740, 866]], [[71, 774, 847], [64, 771, 867]], [[71, 774, 847], [64, 793, 864]], [[71, 774, 847], [66, 751, 864]], [[71, 774, 847], [66, 780, 856]], [[71, 774, 847], [68, 740, 866]], [[74, 791, 846], [66, 780, 856]]]",55,38
1619,1619,167709,189596,704728,211715,"[[[70, 690, 895], [68, 660, 880]], [[70, 690, 895], [71, 698, 876]], [[70, 690, 895], [74, 715, 868]], [[71, 733, 909], [71, 698, 876]], [[71, 733, 909], [74, 715, 868]], [[71, 733, 909], [76, 729, 869]], [[71, 761, 883], [76, 729, 869]], [[71, 770, 854], [77, 749, 820]], [[71, 770, 854], [78, 768, 838]], [[71, 770, 854], [80, 763, 856]], [[71, 774, 847], [77, 749, 820]], [[71, 774, 847], [78, 768, 838]], [[71, 774, 847], [80, 763, 856]], [[74, 791, 846], [78, 768, 838]], [[74, 791, 846], [80, 763, 856]], [[74, 791, 846], [80, 765, 816]], [[74, 791, 846], [81, 770, 856]], [[74, 791, 846], [82, 797, 829]], [[81, 831, 817], [82, 797, 829]], [[83, 836, 807], [82, 797, 829]], [[85, 940, 836], [87, 967, 870]], [[85, 940, 836], [91, 973, 839]], [[89, 973, 829], [87, 967, 870]], [[89, 973, 829], [89, 1006, 847]], [[89, 973, 829], [91, 973, 839]], [[89, 973, 829], [93, 960, 861]], [[90, 1007, 823], [89, 1006, 847]], [[90, 1007, 823], [90, 1016, 803]], [[90, 1007, 823], [91, 973, 839]]]",55,49
1625,1625,167709,266057,704728,280600,"[[[74, 655, 927], [81, 656, 942]], [[75, 645, 969], [81, 656, 942]]]",55,26
1639,1639,177629,196128,475212,92249,"[[[60, 380, 542], [54, 393, 516]], [[60, 387, 506], [53, 409, 517]], [[60, 387, 506], [54, 393, 516]], [[60, 387, 506], [56, 390, 488]], [[60, 387, 506], [58, 385, 458]], [[61, 387, 489], [54, 393, 516]], [[61, 387, 489], [56, 390, 488]], [[61, 387, 489], [58, 385, 458]], [[61, 388, 486], [54, 393, 516]], [[61, 388, 486], [56, 390, 488]], [[61, 388, 486], [58, 385, 458]], [[65, 404, 489], [56, 390, 488]], [[65, 410, 495], [56, 390, 488]]]",52,39
1640,1640,177629,227871,475212,296429,"[[[67, 509, 472], [66, 548, 472]], [[67, 509, 472], [70, 537, 453]], [[75, 472, 404], [82, 466, 415]]]",52,38
1641,1641,177629,252212,475212,4768,"[[[68, 499, 380], [69, 492, 371]], [[68, 499, 380], [71, 463, 375]], [[68, 499, 380], [72, 473, 378]], [[68, 501, 404], [69, 492, 371]], [[68, 501, 404], [72, 473, 378]], [[69, 473, 385], [69, 449, 353]], [[69, 473, 385], [69, 454, 340]], [[69, 473, 385], [69, 492, 371]], [[69, 473, 385], [71, 463, 375]], [[69, 473, 385], [71, 469, 342]], [[69, 473, 385], [72, 473, 378]], [[69, 473, 387], [69, 449, 353]], [[69, 473, 387], [69, 492, 371]], [[69, 473, 387], [71, 463, 375]], [[69, 473, 387], [71, 469, 342]], [[69, 473, 387], [72, 473, 378]], [[73, 452, 366], [69, 449, 353]], [[73, 452, 366], [69, 454, 340]], [[73, 452, 366], [69, 492, 371]], [[73, 452, 366], [71, 463, 375]], [[73, 452, 366], [71, 469, 342]], [[73, 452, 366], [72, 473, 378]], [[75, 472, 404], [69, 492, 371]], [[75, 472, 404], [71, 463, 375]], [[75, 472, 404], [72, 473, 378]]]",52,3
1643,1643,177629,219840,475212,97661,"[[[73, 326, 578], [70, 298, 590]], [[73, 326, 578], [70, 299, 592]], [[73, 326, 578], [70, 301, 587]], [[73, 326, 578], [70, 302, 585]], [[73, 326, 578], [70, 303, 583]], [[73, 326, 578], [71, 320, 571]]]",52,40
1644,1644,177629,236576,475212,181883,"[[[73, 326, 578], [72, 310, 536]]]",52,33
1646,1646,177629,266057,475212,280600,"[[[83, 473, 593], [82, 451, 595]], [[83, 473, 593], [85, 459, 582]]]",52,26
1647,1647,177629,278443,475212,202738,"[[[73, 428, 464], [79, 417, 428]], [[73, 428, 464], [79, 417, 429]], [[73, 428, 464], [80, 440, 461]], [[73, 428, 464], [81, 443, 484]], [[73, 428, 464], [82, 443, 458]], [[83, 473, 593], [88, 494, 620]], [[83, 473, 593], [89, 470, 599]]]",52,22
1691,1691,189596,227871,211715,296429,"[[[71, 698, 876], [68, 740, 866]], [[74, 715, 868], [68, 740, 866]], [[75, 708, 834], [69, 717, 817]], [[75, 708, 834], [71, 708, 819]], [[76, 729, 869], [68, 740, 866]]]",49,38
1695,1695,189596,232428,211715,2760231,"[[[89, 1006, 847], [89, 1022, 837]], [[90, 1016, 803], [89, 1022, 837]]]",49,36
1707,1707,196128,213118,92249,93967,"[[[58, 385, 458], [61, 361, 454]], [[58, 385, 458], [61, 368, 444]], [[58, 385, 458], [62, 364, 448]], [[58, 385, 458], [62, 373, 443]], [[58, 385, 458], [63, 361, 430]], [[61, 378, 400], [61, 368, 444]], [[61, 378, 400], [62, 373, 443]], [[61, 378, 400], [63, 361, 430]], [[64, 359, 288], [69, 364, 288]], [[64, 359, 288], [71, 364, 267]], [[65, 376, 299], [69, 364, 288]], [[65, 376, 299], [71, 364, 267]], [[66, 347, 253], [69, 364, 288]], [[66, 347, 253], [71, 364, 267]], [[66, 347, 262], [69, 364, 288]], [[66, 347, 262], [71, 364, 267]], [[66, 379, 293], [69, 364, 288]], [[66, 379, 293], [71, 364, 267]], [[67, 383, 288], [69, 364, 288]], [[67, 383, 288], [71, 364, 267]], [[68, 348, 233], [71, 364, 267]]]",39,20
1709,1709,196128,236576,92249,181883,"[[[64, 359, 288], [67, 316, 278]], [[64, 359, 288], [69, 334, 299]], [[65, 376, 299], [69, 334, 299]], [[66, 347, 253], [67, 316, 278]], [[66, 347, 262], [67, 316, 278]], [[66, 347, 262], [69, 334, 299]], [[66, 379, 293], [69, 334, 299]], [[68, 348, 233], [68, 306, 216]], [[84, 355, 91], [80, 312, 104]], [[84, 355, 91], [81, 317, 89]], [[84, 355, 91], [82, 334, 117]], [[84, 355, 91], [83, 344, 84]], [[89, 362, 8], [88, 351, 6]], [[91, 347, 23], [88, 351, 6]]]",39,33
1710,1710,196128,242842,92249,5835,"[[[64, 359, 288], [67, 404, 291]], [[65, 376, 299], [67, 404, 291]], [[65, 376, 299], [69, 414, 276]], [[66, 379, 293], [67, 404, 291]], [[66, 379, 293], [69, 414, 276]], [[67, 383, 288], [67, 404, 291]], [[67, 383, 288], [69, 414, 276]]]",39,3
1715,1715,196128,275045,92249,28304,"[[[82, 383, 127], [77, 401, 146]], [[82, 383, 127], [77, 402, 144]]]",39,10
1716,1716,196128,317104,92249,45080,"[[[82, 383, 127], [88, 387, 122]], [[84, 355, 91], [88, 387, 122]], [[84, 355, 91], [91, 338, 107]]]",39,11
1774,1774,213118,219840,93967,97661,"[[[61, 318, 461], [60, 308, 486]], [[61, 318, 461], [62, 297, 494]], [[61, 318, 461], [64, 337, 484]], [[61, 318, 461], [67, 333, 452]], [[61, 361, 454], [64, 337, 484]], [[61, 361, 454], [67, 333, 452]], [[61, 368, 444], [67, 333, 452]], [[62, 296, 470], [59, 281, 505]], [[62, 296, 470], [60, 308, 486]], [[62, 296, 470], [62, 297, 494]], [[62, 296, 470], [64, 337, 484]], [[62, 296, 470], [67, 333, 452]], [[62, 296, 474], [59, 281, 505]], [[62, 296, 474], [60, 308, 486]], [[62, 296, 474], [62, 297, 494]], [[62, 296, 474], [64, 337, 484]], [[62, 296, 474], [67, 333, 452]], [[62, 301, 472], [59, 281, 505]], [[62, 301, 472], [60, 308, 486]], [[62, 301, 472], [62, 297, 494]], [[62, 301, 472], [64, 337, 484]], [[62, 301, 472], [67, 333, 452]], [[62, 364, 448], [64, 337, 484]], [[62, 364, 448], [67, 333, 452]], [[62, 373, 443], [67, 333, 452]], [[63, 361, 430], [67, 333, 452]]]",20,40
1775,1775,213118,236576,93967,181883,"[[[61, 318, 461], [67, 318, 424]], [[61, 318, 461], [67, 332, 445]], [[61, 318, 461], [68, 295, 459]], [[61, 361, 454], [67, 332, 445]], [[61, 368, 444], [67, 332, 445]], [[62, 296, 470], [68, 295, 459]], [[62, 296, 470], [70, 314, 489]], [[62, 296, 474], [68, 295, 459]], [[62, 296, 474], [70, 314, 489]], [[62, 301, 472], [67, 332, 445]], [[62, 301, 472], [68, 295, 459]], [[62, 301, 472], [70, 314, 489]], [[62, 364, 448], [67, 332, 445]], [[62, 373, 443], [67, 332, 445]], [[63, 361, 430], [67, 318, 424]], [[63, 361, 430], [67, 332, 445]], [[69, 364, 288], [69, 334, 299]], [[71, 364, 267], [69, 334, 299]]]",20,33
1778,1778,213118,275045,93967,28304,"[[[75, 413, 150], [77, 401, 146]], [[75, 413, 150], [77, 402, 144]]]",20,10
1780,1780,216382,258236,20993,127819,"[[[64, 251, 319], [71, 280, 301]], [[68, 256, 300], [71, 280, 301]], [[68, 272, 309], [71, 280, 301]]]",12,27
1796,1796,219840,236576,97661,181883,"[[[60, 308, 486], [68, 295, 459]], [[62, 297, 494], [68, 295, 459]], [[62, 297, 494], [70, 314, 489]], [[64, 337, 484], [67, 332, 445]], [[64, 337, 484], [70, 314, 489]], [[67, 333, 452], [67, 318, 424]], [[67, 333, 452], [67, 332, 445]], [[67, 333, 452], [68, 295, 459]], [[67, 333, 452], [70, 314, 489]], [[70, 298, 590], [76, 286, 614]], [[70, 299, 592], [76, 286, 614]], [[70, 301, 587], [76, 286, 614]], [[70, 302, 585], [76, 286, 614]], [[70, 303, 583], [72, 310, 536]], [[70, 303, 583], [76, 286, 614]], [[71, 280, 638], [76, 286, 614]], [[71, 320, 571], [72, 310, 536]], [[72, 277, 638], [76, 286, 614]], [[72, 290, 613], [76, 286, 614]], [[73, 274, 644], [76, 286, 614]], [[73, 274, 644], [81, 253, 663]], [[74, 267, 632], [76, 286, 614]], [[74, 267, 632], [81, 253, 663]], [[74, 272, 653], [76, 286, 614]], [[74, 272, 653], [81, 253, 663]], [[74, 272, 653], [81, 256, 676]], [[74, 272, 653], [82, 267, 677]], [[76, 266, 672], [81, 253, 663]], [[76, 266, 672], [81, 256, 676]], [[76, 266, 672], [82, 267, 677]], [[76, 266, 672], [83, 266, 683]], [[77, 260, 682], [81, 253, 663]], [[77, 260, 682], [81, 256, 676]], [[77, 260, 682], [82, 267, 677]], [[77, 260, 682], [83, 266, 683]], [[78, 269, 675], [81, 253, 663]], [[78, 269, 675], [81, 256, 676]], [[78, 269, 675], [82, 267, 677]], [[78, 269, 675], [83, 266, 683]], [[86, 227, 851], [93, 216, 881]], [[86, 227, 851], [93, 228, 881]], [[86, 227, 851], [95, 240, 850]], [[86, 227, 851], [95, 242, 846]], [[88, 213, 881], [93, 216, 881]], [[88, 213, 881], [93, 228, 881]], [[88, 213, 881], [95, 211, 909]], [[88, 213, 881], [96, 222, 907]], [[89, 211, 885], [93, 216, 881]], [[89, 211, 885], [93, 228, 881]], [[89, 211, 885], [95, 211, 909]], [[89, 211, 885], [96, 222, 907]], [[90, 207, 895], [93, 216, 881]], [[90, 207, 895], [93, 228, 881]], [[90, 207, 895], [95, 211, 909]], [[90, 207, 895], [96, 222, 907]], [[91, 203, 906], [93, 216, 881]], [[91, 203, 906], [93, 228, 881]], [[91, 203, 906], [95, 211, 909]], [[91, 203, 906], [96, 222, 907]], [[91, 203, 906], [97, 211, 937]], [[92, 200, 917], [93, 216, 881]], [[92, 200, 917], [93, 228, 881]], [[92, 200, 917], [95, 211, 909]], [[92, 200, 917], [96, 222, 907]], [[92, 200, 917], [97, 211, 937]], [[93, 199, 927], [93, 216, 881]], [[93, 199, 927], [95, 211, 909]], [[93, 199, 927], [96, 222, 907]], [[93, 199, 927], [97, 211, 937]]]",40,33
1819,1819,227871,278443,296429,202738,"[[[82, 405, 405], [79, 417, 428]], [[82, 405, 405], [79, 417, 429]], [[82, 405, 405], [80, 416, 430]], [[82, 405, 405], [81, 398, 444]], [[82, 405, 405], [81, 415, 431]], [[82, 405, 405], [84, 422, 437]], [[82, 405, 405], [84, 428, 443]], [[82, 466, 415], [82, 443, 458]], [[82, 466, 415], [84, 428, 443]], [[85, 397, 389], [81, 415, 431]], [[87, 437, 405], [80, 416, 430]], [[87, 437, 405], [81, 415, 431]], [[87, 437, 405], [84, 422, 437]], [[87, 437, 405], [84, 428, 443]], [[98, 385, 260], [91, 363, 242]], [[98, 385, 260], [92, 387, 266]], [[98, 385, 260], [95, 367, 303]], [[98, 426, 370], [96, 404, 327]]]",38,22
1824,1824,227871,266057,296429,280600,"[[[82, 405, 405], [83, 398, 453]], [[82, 770, 995], [88, 751, 1019]], [[82, 770, 995], [89, 747, 1019]], [[84, 769, 996], [88, 751, 1019]], [[84, 769, 996], [89, 747, 1019]], [[87, 768, 998], [88, 751, 1019]], [[87, 768, 998], [89, 747, 1019]], [[89, 766, 999], [88, 751, 1019]], [[89, 766, 999], [89, 747, 1019]], [[90, 764, 1002], [88, 751, 1019]], [[90, 764, 1002], [89, 747, 1019]], [[91, 761, 1006], [88, 751, 1019]], [[91, 761, 1006], [89, 747, 1019]], [[93, 744, 1016], [88, 751, 1019]], [[93, 744, 1016], [89, 747, 1019]], [[94, 747, 1010], [88, 751, 1019]], [[94, 747, 1010], [89, 747, 1019]], [[95, 745, 1012], [88, 751, 1019]], [[95, 745, 1012], [89, 747, 1019]], [[95, 769, 1021], [88, 751, 1019]], [[95, 769, 1021], [89, 747, 1019]]]",38,26
1874,1874,242842,252212,5835,4768,"[[[68, 472, 354], [69, 449, 353]], [[68, 472, 354], [69, 454, 340]], [[68, 472, 354], [69, 492, 371]], [[68, 472, 354], [71, 463, 375]], [[68, 472, 354], [71, 469, 342]], [[68, 472, 354], [72, 473, 378]]]",3,3
1880,1880,251097,290871,13093,6590,"[[[77, 65, 666], [81, 66, 662]], [[77, 65, 666], [82, 72, 668]], [[77, 65, 666], [82, 73, 687]], [[79, 63, 695], [81, 66, 662]], [[79, 63, 695], [82, 72, 668]], [[79, 63, 695], [82, 73, 687]], [[80, 59, 693], [81, 66, 662]], [[80, 59, 693], [82, 72, 668]], [[80, 59, 693], [82, 73, 687]]]",11,3
1914,1914,258236,302290,127819,17953,"[[[89, 310, 387], [85, 313, 372]], [[89, 310, 387], [85, 332, 379]], [[89, 310, 387], [86, 299, 373]], [[92, 267, 359], [86, 253, 388]], [[92, 267, 359], [86, 299, 373]], [[95, 265, 372], [86, 253, 388]]]",27,6
1915,1915,258236,266057,127819,280600,"[[[92, 267, 359], [90, 253, 388]], [[92, 267, 359], [91, 260, 398]], [[95, 265, 372], [90, 253, 388]], [[95, 265, 372], [91, 260, 398]]]",27,26
1916,1916,258236,312631,127819,45397,"[[[89, 310, 387], [93, 272, 387]], [[92, 267, 359], [93, 257, 405]], [[92, 267, 359], [93, 272, 387]], [[95, 265, 372], [93, 257, 405]], [[95, 265, 372], [93, 272, 387]], [[96, 302, 362], [93, 272, 387]]]",27,12
1923,1923,266057,278443,280600,202738,"[[[81, 375, 469], [81, 398, 444]], [[82, 391, 469], [80, 416, 430]], [[82, 391, 469], [81, 398, 444]], [[82, 391, 469], [81, 415, 431]], [[82, 391, 469], [84, 422, 437]], [[82, 391, 469], [84, 428, 443]], [[82, 395, 475], [80, 440, 461]], [[82, 395, 475], [81, 398, 444]], [[82, 395, 475], [81, 415, 431]], [[82, 395, 475], [81, 443, 484]], [[82, 395, 475], [84, 422, 437]], [[82, 395, 475], [84, 428, 443]], [[82, 402, 514], [88, 441, 516]], [[82, 411, 526], [88, 441, 516]], [[82, 451, 595], [89, 470, 599]], [[82, 451, 595], [90, 436, 573]], [[83, 398, 453], [79, 417, 428]], [[83, 398, 453], [79, 417, 429]], [[83, 398, 453], [80, 416, 430]], [[83, 398, 453], [80, 440, 461]], [[83, 398, 453], [81, 398, 444]], [[83, 398, 453], [81, 415, 431]], [[83, 398, 453], [82, 443, 458]], [[83, 398, 453], [84, 422, 437]], [[83, 398, 453], [84, 428, 443]], [[83, 458, 654], [89, 489, 643]], [[83, 458, 654], [89, 492, 645]], [[83, 458, 654], [91, 470, 653]], [[83, 458, 654], [91, 474, 656]], [[84, 460, 686], [90, 496, 670]], [[84, 460, 686], [91, 470, 653]], [[84, 460, 686], [91, 474, 656]], [[84, 460, 686], [91, 494, 694]], [[84, 464, 693], [90, 496, 670]], [[84, 464, 693], [91, 494, 694]], [[85, 459, 582], [89, 470, 599]], [[85, 459, 582], [90, 436, 573]], [[85, 579, 778], [88, 541, 754]], [[85, 579, 778], [88, 543, 752]], [[95, 541, 775], [88, 541, 754]], [[95, 541, 775], [88, 543, 752]], [[95, 541, 775], [89, 531, 759]], [[96, 559, 758], [88, 541, 754]], [[96, 559, 758], [88, 543, 752]], [[96, 559, 758], [89, 531, 759]]]",26,22
1952,1952,266057,302290,280600,17953,"[[[90, 253, 388], [86, 253, 388]], [[91, 260, 398], [86, 253, 388]]]",26,6
1954,1954,266057,312631,280600,45397,"[[[90, 253, 388], [93, 257, 405]], [[90, 253, 388], [93, 272, 387]], [[91, 260, 398], [93, 257, 405]], [[91, 260, 398], [93, 272, 387]]]",26,12
1962,1962,266057,314396,280600,56774,"[[[85, 579, 778], [87, 543, 756]], [[93, 522, 804], [91, 520, 815]], [[95, 541, 775], [87, 543, 756]], [[95, 541, 775], [90, 544, 750]], [[95, 541, 775], [91, 520, 815]], [[96, 559, 758], [87, 543, 756]], [[96, 559, 758], [90, 544, 750]]]",26,11
2038,2038,278443,314396,202738,56774,"[[[87, 513, 714], [90, 544, 750]], [[88, 541, 754], [87, 543, 756]], [[88, 541, 754], [90, 544, 750]], [[88, 543, 752], [87, 543, 756]], [[88, 543, 752], [90, 544, 750]], [[89, 531, 759], [87, 543, 756]], [[89, 531, 759], [90, 544, 750]], [[90, 506, 730], [87, 543, 756]], [[90, 506, 730], [90, 544, 750]], [[91, 505, 731], [87, 543, 756]], [[91, 505, 731], [90, 544, 750]]]",22,11
2041,2041,278443,317104,202738,45080,"[[[92, 313, 151], [93, 333, 124]], [[92, 318, 154], [93, 333, 124]], [[95, 324, 129], [91, 338, 107]], [[95, 324, 129], [93, 333, 124]]]",22,11
2091,2091,294244,312631,5417,45397,"[[[86, 54, 356], [88, 38, 375]]]",5,12
2169,2169,302290,312631,17953,45397,"[[[86, 253, 388], [93, 257, 405]], [[86, 253, 388], [93, 272, 387]], [[86, 299, 373], [93, 272, 387]]]",6,12
